lema_pt	traducao_en	marcas_dicionario	motivo_tecnico	status_traducao
a.	the.	abrev.		
a	the	m. | Mús. | Adj.		
a	to	m. | Mús. | Adj.		
a	you	m. | Mús. | Adj.		
a	at	m. | Mús. | Adj.		
a	in	m. | Mús. | Adj.		
a	with	m. | Mús. | Adj.		
a	it	m. | Mús. | Adj.		
a	ye	m. | Mús. | Adj.		
a	the	art. | fem. | Ant. | lat.		
a	to	art. | fem. | Ant. | lat.		
a	you	art. | fem. | Ant. | lat.		
a	at	art. | fem. | Ant. | lat.		
a	in	art. | fem. | Ant. | lat.		
a	with	art. | fem. | Ant. | lat.		
a	it	art. | fem. | Ant. | lat.		
a	ye	art. | fem. | Ant. | lat.		
a	the	prep. | lat.		
a	to	prep. | lat.		
a	you	prep. | lat.		
a	at	prep. | lat.		
a	in	prep. | lat.		
a	with	prep. | lat.		
a	it	prep. | lat.		
a	ye	prep. | lat.		
a	the	pron. | fem.		
a	to	pron. | fem.		
a	you	pron. | fem.		
a	at	pron. | fem.		
a	in	pron. | fem.		
a	with	pron. | fem.		
a	it	pron. | fem.		
a	ye	pron. | fem.		
á	the			
á	the	interj.		
a. C.	BC	abrev.		
á cêrca	there is about	loc. prep. | seg. | prep. | lat.		
a final	in the end	adv.		
a. m.	a.m.	abrev. | us.		
á!	the!	interj. | t.		
á! á! á!	Ha! Ha! Ha!	interj.		
a-cantaros	a-cantaros	loc. adv.		sem_traducao
á-cima	above	loc. adv. | Ant.		
á-clara	á-clara	f. | loc. adv. | des. | as.		sem_traducao
a-d’el-rei	a-d’el-rei	m.		sem_traducao
a-de-mais	too much	adv. e prep.		
á-derradeira	the ultimate	loc. adv. | Ant.		
a-deshoras	a-deshoras	loc. adv.		sem_traducao
a-desoras	a-deshoras	loc. adv.		
á-dica	tip	loc. adv. | Gír. | Cp.		
a-feito	done	loc. adv. | Prov. minh.		
a-flux	a-flux	loc. adv.		sem_traducao
a-froixo	a-froixo	adv.		sem_traducao
á-futelifate	á-futelifate	loc. adv. | prov. | Extrem. | des. | as. | contr. | alter.		sem_traducao
a-l’obra!	a-l’obra!	interj. | loc. | Cf. | contr.		sem_traducao
a-la-grande	a-la-grande	loc. adv. | Ant. | Cf.		sem_traducao
a-la-una	a-la-una	adv. | m. | Prov. alent. | loc. | cast.		sem_traducao
a-lugares	a-places	loc. adv. | Ant.		
a-miúdo	often	adv. | corr. | Cf.		
a-nado	a-nado	loc. adv.		sem_traducao
a-par	a-par	loc. prep. | loc. adv.		sem_traducao
á-parte	apart	adv. | m.		
á-pela-manhan	in the morning	adv. | Prov. trasm.		
a-primas	a-primas	loc. adv. | Ant.		sem_traducao
a-propósito	by the way	loc. adv.		
á-qui-qui	a-qui-qui	adv. | Chul.		sem_traducao
a-tempo	a-time	adv. | loc. | m.		
á-tôa	á-tôa	loc. adv.		sem_traducao
á-xis	axis	m. | Ant. | V.		
aa	aa	m. pl.		sem_traducao
aacima	above	adv. | Ant.		
aal	aal	m.		sem_traducao
aalênio	alenium	m. e adj. | Geol.	termo_tecnico_cientifico:Geol.	
aata	aata	f. | Bras. | as. | mal.		sem_traducao
aaz	aaz	f. | Ant. | lat.		sem_traducao
ab	ab	pref. | lat.		sem_traducao
abá	tab	m.		
aba	tab	f.		
aba	flap	f.		
aba	brim	f.		
aba	rim	f.		
aba	lip	f.		
aba	edge	f.		
aba	tail	f.		
aba	lap	f.		
aba	shoulder	f.		
aba	lappet	f.		
aba	foot	f.		
aba	Basque	f.		
aba	coast	f.		
aba	tab	m. | syr.		
aba	flap	m. | syr.		
aba	brim	m. | syr.		
aba	rim	m. | syr.		
aba	lip	m. | syr.		
aba	edge	m. | syr.		
aba	tail	m. | syr.		
aba	lap	m. | syr.		
aba	shoulder	m. | syr.		
aba	lappet	m. | syr.		
aba	foot	m. | syr.		
aba	Basque	m. | syr.		
aba	coast	m. | syr.		
ababás	ababas	m. pl.		sem_traducao
abacá	abaca	m.		sem_traducao
abacamartado	abacamartado	adj.		sem_traducao
abaçanar	abaçanar	v. t. | V.		sem_traducao
abacate	avocado	m.		
abacate	alligator pear	m.		
abacateiro	avocado tree	m.		
abacatina	avocado	f.		
abacatirana	abacatirana	f.		sem_traducao
abacaxi	pineapple	m.		
abacelado	acrobatic	adj.		
abacelamento	abatemento	m.		
abacelar	abacelar	v. t.		sem_traducao
abacellado	abacellado	adj.		sem_traducao
abacellamento	abacellamento	m.		sem_traducao
abacellar	abacellar	v. t.		sem_traducao
abaceto	avocado	m.		
abacial	abbey	adj. | b. lat.		
abacinar	abacinate	v. t. | b. lat.		
abacista	abacist	m. | b. lat.		
ábaco	abacus	m. | Artilh. | lat.		
abactor	abactor	m. | lat.		sem_traducao
abáculo	abaculum	m.		
abacutaia	abacutaia	f.		sem_traducao
abada	abada	f.		sem_traducao
abada	abada	f. | mal.		sem_traducao
abadado	abbey	m. | Ant.		
abadágio	abadágio	m.		sem_traducao
abadalassa	abadalassa	m. | Cf.		sem_traducao
abadar	abadar	v. t.		sem_traducao
abadavina	abadavina	f.		sem_traducao
abade	abbot	m. | b. lat.		
abade	prelate	m. | b. lat.		
abadecídio	abboticide	m. | Cf.		
abadejo	cod	m. | prov.		
abadengo	reveler	m. | Ant. | Adj.		
abadernar	abadernar	v. t. | Náut.		sem_traducao
abadesco	abbot	adj.		
abadessa	abbess	f. | b. lat.		
abadessado	abbess	m. | as.		
abadessona	abbess	f. | fam. | Cf.		
abadia	abbey	f.		
abadia	abbacy	f.		
abadiado	abbey	m.		
abadim	abadim	m. | Ant.		sem_traducao
abadir	abbot	m. | Cf. | lat.		
abado	abado	adj.		sem_traducao
abaetado	slaughtered	adj.		
abaetar	abate	v. t.		
abafa!	Shut up!	interj. | as.		
abafação	muffling	f. | p.		
abafadamente	muffled	adv.		
abafadela	muffled	f.		
abafadiço	stuffy	adj.		
abafadiço	stifling	adj.		
abafado	stuffy	adj. | ár. | mal.		
abafado	sultry	adj. | ár. | mal.		
abafado	airless	adj. | ár. | mal.		
abafado	close	adj. | ár. | mal.		
abafado	suffocating	adj. | ár. | mal.		
abafado	thick	adj. | ár. | mal.		
abafado	fusty	adj. | ár. | mal.		
abafado	fuggy	adj. | ár. | mal.		
abafado	busy	adj. | ár. | mal.		
abafado	suffocant	adj. | ár. | mal.		
abafado	choky	adj. | ár. | mal.		
abafado	anxious	adj. | ár. | mal.		
abafador	damper	adj. | m. | prov.		
abafadura	muffled	f.		
abafamento	muffling	m. | ár. | Adj.		
abafamento	suffocation	m. | ár. | Adj.		
abafamento	fug	m. | ár. | Adj.		
abafar	stifle	v. t. | vin. | v. i. | V. | p. | prov.		
abafar	muffle	v. t. | vin. | v. i. | V. | p. | prov.		
abafar	drown	v. t. | vin. | v. i. | V. | p. | prov.		
abafar	smother	v. t. | vin. | v. i. | V. | p. | prov.		
abafar	suppress	v. t. | vin. | v. i. | V. | p. | prov.		
abafar	mute	v. t. | vin. | v. i. | V. | p. | prov.		
abafar	hush up	v. t. | vin. | v. i. | V. | p. | prov.		
abafar	cover up	v. t. | vin. | v. i. | V. | p. | prov.		
abafar	choke	v. t. | vin. | v. i. | V. | p. | prov.		
abafar	suffocate	v. t. | vin. | v. i. | V. | p. | prov.		
abafar	damp	v. t. | vin. | v. i. | V. | p. | prov.		
abafar	pilfer	v. t. | vin. | v. i. | V. | p. | prov.		
abafar	swelter	v. t. | vin. | v. i. | V. | p. | prov.		
abafar	blanket	v. t. | vin. | v. i. | V. | p. | prov.		
abafar	cushion	v. t. | vin. | v. i. | V. | p. | prov.		
abafar	drench	v. t. | vin. | v. i. | V. | p. | prov.		
abafar	burke	v. t. | vin. | v. i. | V. | p. | prov.		
abafar	steal the show	v. t. | vin. | v. i. | V. | p. | prov.		
abafar	hugger-mugger	v. t. | vin. | v. i. | V. | p. | prov.		
abafar	stifle	m.		
abafar	muffle	m.		
abafar	drown	m.		
abafar	smother	m.		
abafar	suppress	m.		
abafar	mute	m.		
abafar	hush up	m.		
abafar	cover up	m.		
abafar	choke	m.		
abafar	suffocate	m.		
abafar	damp	m.		
abafar	pilfer	m.		
abafar	swelter	m.		
abafar	blanket	m.		
abafar	cushion	m.		
abafar	drench	m.		
abafar	burke	m.		
abafar	steal the show	m.		
abafar	hugger-mugger	m.		
abafarete	smother	m. | neol.		
abafas	muffles	f. pl. | Ant.		
abafeira	abatter	f. | m.		
abafo	muffled	m.		
abagoar	abagoar	v. t. | Prov. minh.		sem_traducao
abagum	abagum	m.		sem_traducao
abahuladamente	abahuladamente	adv.		sem_traducao
abahulado	abahulado	adj.		sem_traducao
abahulador	abahulador	m.		sem_traducao
abahulamento	bulging	m.		
abahular	abahular	v. t.		sem_traducao
abainhar	hem	v. t.		
abaionetar	bayonet	v. t.		
abairramento	neighborhood	m.		
abairrar	to abarr	v. t.		
abaixa	lower	f.		
abaixadela	lowering	f.		
abaixador	lower	m.		
abaixadura	lowering	f.		
abaixamento	lowering	m.		
abaixamento	depression	m.		
abaixamento	subsidence	m.		
abaixamento	decline	m.		
abaixamento	sinking	m.		
abaixamento	down-grade	m.		
abaixamento	fade-out	m.		
abaixante	lowering	m.		
abaixar	lower	v. t. | ﬁg. | V. | p. | prov. | loc. | fam.		
abaixar	turn down	v. t. | ﬁg. | V. | p. | prov. | loc. | fam.		
abaixar	reduce	v. t. | ﬁg. | V. | p. | prov. | loc. | fam.		
abaixar	bring down	v. t. | ﬁg. | V. | p. | prov. | loc. | fam.		
abaixar	descend	v. t. | ﬁg. | V. | p. | prov. | loc. | fam.		
abaixar	abate	v. t. | ﬁg. | V. | p. | prov. | loc. | fam.		
abaixar	derogate	v. t. | ﬁg. | V. | p. | prov. | loc. | fam.		
abaixar	down-grade	v. t. | ﬁg. | V. | p. | prov. | loc. | fam.		
abaixo	below	adv. | m.		
abaixo	down	adv. | m.		
abaixo	down	adv. | m.		
abaixo	beneath	adv. | m.		
abaixo	beneath	adv. | m.		
abaixo	underneath	adv. | m.		
abaixo	downwards	adv. | m.		
abaixo	downhill	adv. | m.		
abaixo	thereunder	adv. | m.		
abajoujamento	lampshading	m.		
abajoujar-se	lampshade	v. p.		
abaju	lampshade	m. | V. | fr.		
abaju	lampshade	m.		
abajúrdio	lampshade	m. | voc. | us.		
abalada	shaken	f.		
abalado	shaken	adj. | mal.		
abalado	unsettled	adj. | mal.		
abalado	unstable	adj. | mal.		
abalado	crank	adj. | mal.		
abaladura	rocking	f. | Prov. minh.		
abalamento	shaking	m. | Chron.		
abalançamento	balance	m.		
abalançar	swing	v. t.		
abalar	shake	v. t. | v. i.		
abalar	unsettle	v. t. | v. i.		
abalar	affect	v. t. | v. i.		
abalar	shock	v. t. | v. i.		
abalar	jolt	v. t. | v. i.		
abalar	toss	v. t. | v. i.		
abalar	jar	v. t. | v. i.		
abalar	scamper	v. t. | v. i.		
abalar	convulse	v. t. | v. i.		
abalar	depolarise	v. t. | v. i.		
abalar	unfix	v. t. | v. i.		
abalar	concuss	v. t. | v. i.		
abalaustramento	balustrade	m.		
abalaustrar	balustrade	v. t.		
abalável	unshakeable	adj.		
abaldear	to scuttle	v. t.		
abalienação	alienation	f. | lat.		
abalienar	abalienar	v. t. | lat.		sem_traducao
abalistar	abalistar	v. t.		sem_traducao
abalizadamente	expertly	adv.		
abalizado	qualified	adj.		
abalizador	marker	m. | as.		
abalizamento	beacon	m.		
abalizar	to validate	v. t.		
abalo	tremor	m.		
abalo	concussion	m.		
abalo	shock	m.		
abalo	quake	m.		
abalo	shake	m.		
abalo	emotion	m.		
abalo	impression	m.		
abalo	convulsion	m.		
abalo	jump	m.		
abalo	seism	m.		
abaloar	rock	v. t.		
abalofar	to smother	v. t.		
abalonado	bulging	adj. | neol. | Cf.		
abaloso	shocking	adj. | Bras.		
abalrôa	abalrôa	f.		sem_traducao
abalroação	collision	f.		
abalroada	collision	f. | V.		
abalroadela	abalroadela	f. | V.		sem_traducao
abalroador	collision	m. e adj.		
abalroamento	collision	m.		
abalroar	to collide	v. t.		
abalroar	run into	v. t.		
abalroar	collide with	v. t.		
abalsar	abalsar	v. t.		sem_traducao
abalseirar	balseirar	v. t.		
abaluartamento	bastion	m.		
abaluartar	bulwark	v. t.		
abama	abama	f.		sem_traducao
abâmeas	abâmeas	f. | pl.		sem_traducao
abanadela	fan	f. | fam.		
abanador	fan	m.		
abanadura	fanadura	f.		
abanamoscas	fly-flakes	m. | ﬁg.		
abananado	fanned	adj. | fam. | Prov. alent.		
abananar	fan	v. t. | fam.		
abanante	fan	adj.		
abanão	fan	m. | pop.		
abanar	wave	v. t. | fam. | loc. | as.		
abanar	shake	v. t. | fam. | loc. | as.		
abanar	wag	v. t. | fam. | loc. | as.		
abanar	fan	v. t. | fam. | loc. | as.		
abanar	rock	v. t. | fam. | loc. | as.		
abanar	waggle	v. t. | fam. | loc. | as.		
abanar	jounce	v. t. | fam. | loc. | as.		
abanar	totter	v. t. | fam. | loc. | as.		
abancado	benched	m.		
abancar	sit down	v. t. | v. i.		
abandalhado	messed up	adj.		
abandalhar	to mess things up	v. t.		
abandalhar	debase	v. t.		
abandar	abandon	v. t. | V. | p.		
abandar	abandon	v. t. | Cf.		
abandear	abandon	v. t.		
abandeirar	to flag	v. t.		
abandejar	tray	v. t.		
abandoar	abandon	v. t. | V.		
abandonadamente	abandoned	adv.		
abandonado	abandoned	adj.		
abandonado	stranded	adj.		
abandonado	forsaken	adj.		
abandonado	derelict	adj.		
abandonado	forlorn	adj.		
abandonado	unattended	adj.		
abandonado	helpless	adj.		
abandonado	alone	adj.		
abandonado	lonely	adj.		
abandonado	bereft	adj.		
abandonado	unused	adj.		
abandonado	godforsaken	adj.		
abandonado	outcast	adj.		
abandonado	lorn	adj.		
abandonado	waste	adj.		
abandonado	bereaved	adj.		
abandonado	sole	adj.		
abandonado	unattending	adj.		
abandonado	unrelieved	adj.		
abandonado	comfortless	adj.		
abandonado	love-lorn	adj.		
abandonado	uncared-for	adj.		
abandonamento	abandonment	m. | V.		
abandonar	abandon	v. t. | V. | p.		
abandonar	leave	v. t. | V. | p.		
abandonar	give up	v. t. | V. | p.		
abandonar	quit	v. t. | V. | p.		
abandonar	forsake	v. t. | V. | p.		
abandonar	relinquish	v. t. | V. | p.		
abandonar	flee	v. t. | V. | p.		
abandonar	off	v. t. | V. | p.		
abandonar	vacate	v. t. | V. | p.		
abandonar	jettison	v. t. | V. | p.		
abandonar	renounce	v. t. | V. | p.		
abandonar	cast off	v. t. | V. | p.		
abandonar	neglect	v. t. | V. | p.		
abandonar	lay down	v. t. | V. | p.		
abandonar	set aside	v. t. | V. | p.		
abandonar	lay aside	v. t. | V. | p.		
abandonar	reject	v. t. | V. | p.		
abandonar	waive	v. t. | V. | p.		
abandonar	cede	v. t. | V. | p.		
abandonar	secede	v. t. | V. | p.		
abandonar	back down	v. t. | V. | p.		
abandonar	throw over	v. t. | V. | p.		
abandonar	doff	v. t. | V. | p.		
abandonar	forwent	v. t. | V. | p.		
abandonatário	abandoned	m. | neol.		
abandonável	abandonable	adj.		
abandono	abandonment	m.		
abandono	abandon	m.		
abandono	neglect	m.		
abandono	dereliction	m.		
abandono	desertion	m.		
abandono	renunciation	m.		
abandono	resignation	m.		
abandono	waiver	m.		
abandono	lurch	m.		
abandono	renouncement	m.		
abandono	quitclaim	m.		
abaneenga	abaneenga	m. | Bras.		sem_traducao
abanga	abanga	f.		sem_traducao
abanheenga	abanheenga	m. | Bras.		sem_traducao
abanicar	fan	v. i.		
abanico	fan	m. | Ant.		
abaninho	fan	m. | V.		
abano	fan	m. | ár.		
abano	wag	m. | ár.		
abantesma	ghost	f. | pop. | ﬁg.		
abanto	abanto	m. | Adj.		sem_traducao
abapo	abapo	m.		sem_traducao
abaquetar	to	v. t.		
abar	bar	v. t. | as.		
abará	abará	m. | Bras. | t.		sem_traducao
abaratar	cheapen	v. t.		
abarbado	bearded	adj.		
abarbar	abarbar	v. t. | v. i.		sem_traducao
abarbarado	barbaric	adj. | Bras.		
abarbarizar	barbarize	v. t. | V.		
abarbear	shave	v. t.		
abarbelar	abarbelar	v. t.		sem_traducao
abarbellar	abarbellar	v. t.		sem_traducao
abarca	encompasses	f. | mal. | Cp.		
abarcador	encompassing	m.		
abarcamento	encompassing	m.		
abarcante	comprehensive	adj.		
abarcar	to encompass	v. t. | cast.		
abarcas	abarcas	f. pl. | Prov. alg.		sem_traducao
abarém	barém	m. | Bras.		
abaremo-temo	abaremo-temo	m.		sem_traducao
abarga	barga	f. | Ant.		
abaritonado	haggard	adj.		
abarracado	barracks	adj.		
abarracamento	encampment	m.		
abarracar	to make a tent	v. t.		
abarrancar	to shantytown	v. i. | V. | p.		
abarregado	barregado	adj. | Topogr.		
abarregamento	damming	m.		
abarregar	to bag	v. | t. | Ant. | p. | Cp.		
abarreirar	barrier	v. t.		
abarretar	to cap	v. t.		
abarroado	piled up	adj. | Ant.		
abarrotado	crammed	adj. | Ant.		
abarrotado	crowded	adj. | Ant.		
abarrotado	overcrowded	adj. | Ant.		
abarrotado	chock-full	adj. | Ant.		
abarrotamento	overcrowding	m.		
abarrotamento	glut	m.		
abarrotamento	cram	m.		
abarrotar	cram	v. t.		
abarrotar	glut	v. t.		
abarrotar	oversupply	v. t.		
abarruntar	abarruntar	v. t. | Prov. trasm.		sem_traducao
abarticular	abarticular	adj. | Med. | as. | lat.	termo_tecnico_cientifico:Med.	sem_traducao
abaruna	abaruna	m. | Bras. | Cf.		sem_traducao
abasia	abbey	f. | Med. | gr.	termo_tecnico_cientifico:Med.	
abasicarpo	abasicarpo	m. | gr.		sem_traducao
abásico	basic	adj. | m.		
abassis	abasis	m. pl. | Ant. | Cf.		
abassor	absorber	adj. | Anat. | gr.	termo_tecnico_cientifico:Anat.	
abastadamente	abundantly	adv.		
abastado	wealthy	adj.		
abastado	rich	adj.		
abastado	flush	adj.		
abastado	well-off	adj.		
abastamente	quite	adv.		
abastamento	supply	m.		
abastança	abundance	f.		
abastança	surfeit	f.		
abastar	to supply	v. t. | v. i.		
abastardado	bastard	adj. | ﬁg.		
abastardamento	bastardization	m.		
abastardamento	degeneracy	m.		
abastardar	bastardize	v. t.		
abastardar	corrupt	v. t.		
abastardear	bastardize	v. t. | Cf. | port.		
abastecedor	supplier	m.		
abastecedor	provider	m.		
abastecedor	outfitter	m.		
abastecedor	purveyor	m.		
abastecedor	victualler	m.		
abastecedor	clicker	m.		
abastecer	refuel	v. t.		
abastecer	supply	v. t.		
abastecer	fuel	v. t.		
abastecer	provide	v. t.		
abastecer	feed	v. t.		
abastecer	fill up	v. t.		
abastecer	provision	v. t.		
abastecer	stock	v. t.		
abastecer	store	v. t.		
abastecer	bunker	v. t.		
abastecer	victual	v. t.		
abastecimento	supply	m.		
abastecimento	supplies	m.		
abastecimento	fill	m.		
abastecimento	provision	m.		
abastecimento	victualling	m.		
abastecimento	store	m.		
abastecimento	purveyance	m.		
abastecimento	refuelling	m.		
abastimento	laydown	m. | Prov. trasm.		
abasto	abasto	m. | Ant.		sem_traducao
abastosamente	abundantly	adv.		
abastoso	abundant	adj.		
abatatado	abatatado	adj.		sem_traducao
abatatar	abatatar	v. t.		sem_traducao
abate	slaughter	m.		
abatedor	slaughterhouse	m.		
abater	to slaughter	v. | t. | v. i. | lat.		
abater	shoot down	v. | t. | v. i. | lat.		
abater	slaughter	v. | t. | v. i. | lat.		
abater	down	v. | t. | v. i. | lat.		
abater	fell	v. | t. | v. i. | lat.		
abater	abate	v. | t. | v. i. | lat.		
abater	reduce	v. | t. | v. i. | lat.		
abater	knock down	v. | t. | v. i. | lat.		
abater	lower	v. | t. | v. i. | lat.		
abater	discount	v. | t. | v. i. | lat.		
abater	depress	v. | t. | v. i. | lat.		
abater	weaken	v. | t. | v. i. | lat.		
abater	unman	v. | t. | v. i. | lat.		
abater	lay	v. | t. | v. i. | lat.		
abater	dishearten	v. | t. | v. i. | lat.		
abater	sink	v. | t. | v. i. | lat.		
abater	tumble down	v. | t. | v. i. | lat.		
abater	retrench	v. | t. | v. i. | lat.		
abater	prostrate	v. | t. | v. i. | lat.		
abater	deject	v. | t. | v. i. | lat.		
abátia	abatia	f.		sem_traducao
abatidamente	dejectedly	adv.		
abatido	shot down	adj.		
abatido	down	adj.		
abatido	haggard	adj.		
abatido	dejected	adj.		
abatido	downcast	adj.		
abatido	depressed	adj.		
abatido	despondent	adj.		
abatido	wan	adj.		
abatido	crestfallen	adj.		
abatido	dispirited	adj.		
abatido	languishing	adj.		
abatido	reduced	adj.		
abatido	prostrate	adj.		
abatido	dismal	adj.		
abatido	woebegone	adj.		
abatido	hagridden	adj.		
abatido	melancholy	adj.		
abatido	moped	adj.		
abatido	joyless	adj.		
abatido	dumpish	adj.		
abatido	broken-hearted	adj.		
abatido	dead-alive	adj.		
abatido	low-spirited	adj.		
abatido	down-hearted	adj.		
abatido	washed-out	adj.		
abatido	heavy-laden	adj.		
abatimento	discount	m. | Náut.		
abatimento	rebate	m. | Náut.		
abatimento	reduction	m. | Náut.		
abatimento	dejection	m. | Náut.		
abatimento	depression	m. | Náut.		
abatimento	despondency	m. | Náut.		
abatimento	prostration	m. | Náut.		
abatimento	heaviness	m. | Náut.		
abatimento	abasement	m. | Náut.		
abatimento	languor	m. | Náut.		
abatimento	weakness	m. | Náut.		
abatimento	chill	m. | Náut.		
abatimento	doldrums	m. | Náut.		
abatimento	sag	m. | Náut.		
abatimento	settlement	m. | Náut.		
abatimento	droop	m. | Náut.		
abatimento	enervation	m. | Náut.		
abatimento	mope	m. | Náut.		
abatimento	drawback	m. | Náut.		
abatimento	damp	m. | Náut.		
abatina	slaughterhouse	f.		
abatinar	abatinar	v. t.		sem_traducao
abatirás	you will strike down	m. pl.		
abatis	abatis	m.		sem_traducao
abatis	abatis	m. | Bras.		sem_traducao
abatixi	abatixi	m. | Bras.		sem_traducao
abatocar	abatocar	v. t.		sem_traducao
abatufado	muffled	adj. | Prov. trasm. | Cp.		
abauladamente	bulging	adv.		
abaulado	domed	adj.		
abaulado	convex	adj.		
abaulado	cambered	adj.		
abaulador	bulging	m.		
abaulamento	bulging	m.		
abaulamento	hogback	m.		
abaulamento	vault	m.		
abaular	bulging	v. t.		
abaúna	abauna	adj. | f.		sem_traducao
abaxial	abaxial	adj. | Ópt. | lat.		sem_traducao
abba	abba	m. | syr.		sem_traducao
abbacial	abbacy	adj. | b. lat.		
abbadado	abbadado	m. | Ant.		sem_traducao
abbadágio	abbey	m.		
abbadar	abbadar	v. t.		sem_traducao
abbade	abbot	m. | b. lat.		
abbadecídio	abbadecide	m. | Cf.		
abbadengo	abbot	m. | Ant. | Adj.		
abbadesco	abbot	adj.		
abbadessa	abbess	f. | b. lat.		
abbadessado	abbessado	m. | as.		
abbadessona	abbadessona	f. | fam. | Cf.		sem_traducao
abbadia	abbey	f.		
abbadiado	abbey	m.		
abbadim	abbadim	m. | Ant.		sem_traducao
abbatina	abbatina	f.		sem_traducao
abc	ABC	m.		sem_traducao
abc	alphabet	m.		
abceder	abdicate	v. i. | lat.		
abcesso	abscess	m. | lat.		
abcesso	tumor	m. | lat.		
abcesso	tumour	m. | lat.		
abcisão	abscision	f. | lat.		
abcissa	abscissa	f. | Geom. | num. | lat.	termo_tecnico_cientifico:Geom.	
abdala	abdala	ár.		sem_traducao
abdalita	Abdalite	m. | ár.		
abdelcáder	abdelkader	ár.		
abdelcádir	abdelkader	ár.		
abderiano	Abderian	m. e adj.		
abderita	abderita	m. e adj.		sem_traducao
abdicação	abdication	f. | lat.		
abdicador	abdicator	m.		
abdicante	abdicating	m.		
abdicar	abdicate	v. t. | lat.		
abdicar	demit	v. t. | lat.		
abdicatário	abdicated	m. e adj.		
abdicativo	abdicative	adj.		
abdicavel	relinquishable	adj.		
ábdito	abdict	adj. | des. | lat.		
abdome	abdomen	m. | lat.		
abdome	belly	m. | lat.		
abdome	stomach	m. | lat.		
abdômen	abdomen	m. | V.		sem_traducao
abdômen	belly	m. | V.		
abdômen	tummy	m. | V.		
abdômen	venter	m. | V.		
abdominaes	abdominal exercises	m. pl.		
abdominais	abdominal exercises	m. pl.		
abdominal	abdominal	adj. | lat.		sem_traducao
abdominal	ventral	adj. | lat.		
abdominoscopia	abdominoscopy	f. | lat. | gr.		
abdominoso	abdominal	adj.		
abdominothorácico	abdominothoracic	adj. | Anat.	termo_tecnico_cientifico:Anat.	
abdominotorácico	abdominothoracic	adj. | Anat.	termo_tecnico_cientifico:Anat.	
abdução	abduction	f. | Anat. | lat.	termo_tecnico_cientifico:Anat.	
abducção	abduction	f. | Anat. | lat.	termo_tecnico_cientifico:Anat.	
abducente	abducens	adj. | lat.		
abducente	abducent	adj. | lat.		
abductivo	abductive	adj.		
abductor	abductor	m. | Anat. | lat.	termo_tecnico_cientifico:Anat.	sem_traducao
abdutivo	abductive	adj.		
abdutor	abductor	m. | Anat. | lat.	termo_tecnico_cientifico:Anat.	
abduzir	abduct	v. t. | lat.		
abeatador	beater	adj.		
abeatar	beatar	v. t.		
abêbera	abêbera	f.		sem_traducao
abeberar	to drink	v. t. | cast. | fr. | it. | lat. | Cf. | vb.		
abebra	abebra	f. | V.		sem_traducao
abecar	abecar	v. t. | Bras.		sem_traducao
abecê	ABC	m.		
abecedário	alphabet	m. | lat.		
abecedário	ABC	m. | lat.		
abecedário	abecedarian	m. | lat.		
abechedo	abechedo	m. | Prov. trasm.		sem_traducao
abechucho	abechucho	m. | Prov. trasm.		sem_traducao
abecoínha	little abecoinha	f. | prov.		
abegão	bigwig	m. | Prov. alent. | Prov. minh. | lat. | hyp.		
abegão	bigwig	m. | prov. | cast.		
abegôa	abegôa			sem_traducao
abegoaria	barnyard	f.		
abegoira	bee tree	f. | Ant.		
abegoura	beegoura	f. | Ant.		
abeirar	approach	v. t.		
abeirar	bring near	v. t.		
abeixamim	abeixamim	m. | Ant.		sem_traducao
abelha	bee	f. | qual. | ﬁg. | lat.		
abelha	apis	f. | qual. | ﬁg. | lat.		
abelha-flôr	bee-flower	f.		
abelhal	swarm	f.		
abelhão	bumblebee	m.		
abelhão	dog-bee	m.		
abelhar	bees	v. i. | prov.		
abelharuco	bee-eater	m. | Cp. | cast.		
abelheira	beehive	f. | as.		
abelheiro	beekeeper	m.		
abelhina	little bee	f.		
abelhuar-se	to be abelhuar	v. | p. | des. | Cf. | diccion.		
abelhudamente	meddlesomely	adv.		
abelhudice	busybody	f.		
abelhudo	busybody	adj.		
abelhudo	nosy	adj.		
abélia	abelia	f. | n. p.		sem_traducao
abeliceia	abeliceia	f.		sem_traducao
abelidar-se	to become qualified	v. p.		
abellota	abellota	f.		sem_traducao
abelmeluco	abelmeluco	m.		sem_traducao
abelmosco	abelmosco	m. | ár. | Cp.		sem_traducao
abeloira	beloira	f. | as.		
abelota	bee	f.		
abeloura	beloura	f. | as.		
abém!	abem!	interj. | Ant.		sem_traducao
abemolado	abemolado	adj.		sem_traducao
abemolar	abemolar	v. t. | Mús. | ﬁg.		sem_traducao
abencerragens	abencerragens	m. pl. | n. p.		sem_traducao
abencerrajens	abencerrajens	m. pl. | n. p.		sem_traducao
abençoadeiro	blessed	m.		
abençoado	blessed	adj.		
abençoador	blessing	m.		
abençoamento	blessing	m. | Cf.		
abençoar	bless	v. t. | V. | p. | Cf. | diccion.		
abençoável	blessed	adj. | Cf. | Agr.		
abendiçoar	bless	v. t.		
aberém	aberém	m. | Bras.		sem_traducao
aberema	aberema	f.		sem_traducao
abéria	Aberia	f. | Bot.	termo_tecnico_cientifico:Bot.	sem_traducao
aberingelado	eggplant	adj.		
aberração	aberration	f. | lat.		
aberração	freak	f. | lat.		
aberração	aberrance	f. | lat.		
aberração	warp	f. | lat.		
aberrante	aberrant	adj. | lat.		
aberrar	aberrate	v. i. | lat.		
aberrativo	aberrant	adj. | neol.		
aberta	open	f. | as.		
aberta	opening	f. | as.		
aberta	break	f. | as.		
aberta	glade	f. | as.		
abertamente	openly	adv.		
abertamente	outright	adv.		
abertamente	barely	adv.		
abertamente	unreservedly	adv.		
abertamente	professedly	adv.		
abertamente	over the counter	adv.		
aberto	open	adj. | t. | m. | num. | Cf. | lat.		
aberto	gaping	adj. | t. | m. | num. | Cf. | lat.		
aberto	frank	adj. | t. | m. | num. | Cf. | lat.		
aberto	naked	adj. | t. | m. | num. | Cf. | lat.		
aberto	unclosed	adj. | t. | m. | num. | Cf. | lat.		
aberto	outstretched	adj. | t. | m. | num. | Cf. | lat.		
aberto	unobstructed	adj. | t. | m. | num. | Cf. | lat.		
aberto	staring	adj. | t. | m. | num. | Cf. | lat.		
aberto	outspread	adj. | t. | m. | num. | Cf. | lat.		
aberto	pervious	adj. | t. | m. | num. | Cf. | lat.		
aberto	inlet	adj. | t. | m. | num. | Cf. | lat.		
aberto	patent	adj. | t. | m. | num. | Cf. | lat.		
aberto	ingenuous	adj. | t. | m. | num. | Cf. | lat.		
aberto	plainspoken	adj. | t. | m. | num. | Cf. | lat.		
aberto	open-hearted	adj. | t. | m. | num. | Cf. | lat.		
abertoiras	openers	f. pl.		
abertona	open	f. | Náut.		
abertura	opening	f. | Mús. | ﬁg.		
abertura	aperture	f. | Mús. | ﬁg.		
abertura	openness	f. | Mús. | ﬁg.		
abertura	gap	f. | Mús. | ﬁg.		
abertura	slot	f. | Mús. | ﬁg.		
abertura	hole	f. | Mús. | ﬁg.		
abertura	vent	f. | Mús. | ﬁg.		
abertura	overture	f. | Mús. | ﬁg.		
abertura	slit	f. | Mús. | ﬁg.		
abertura	access	f. | Mús. | ﬁg.		
abertura	window	f. | Mús. | ﬁg.		
abertura	breach	f. | Mús. | ﬁg.		
abertura	passage	f. | Mús. | ﬁg.		
abertura	loophole	f. | Mús. | ﬁg.		
abertura	crevice	f. | Mús. | ﬁg.		
abertura	rift	f. | Mús. | ﬁg.		
abertura	candor	f. | Mús. | ﬁg.		
abertura	chink	f. | Mús. | ﬁg.		
abertura	bay	f. | Mús. | ﬁg.		
abertura	stoma	f. | Mús. | ﬁg.		
abertura	splay	f. | Mús. | ﬁg.		
abertura	hack	f. | Mús. | ﬁg.		
abertura	highroad crossing	f. | Mús. | ﬁg.		
abertura	cage	f. | Mús. | ﬁg.		
abertura	yawn	f. | Mús. | ﬁg.		
abertura	rent	f. | Mús. | ﬁg.		
abertura	candour	f. | Mús. | ﬁg.		
abesantar	abesantar	v. t.		sem_traducao
abesconinha	abesconinha	f. | prov.		sem_traducao
abeses	obese	m. pl. | Cf.		
abesoirar	abesoirar	v. t. | pop.		sem_traducao
abesoiro	abesoiro	m.		sem_traducao
abesourar	beetle	v. t. | pop.		
abesouro	beetle	m.		
abespa	abespa	f. | V.		sem_traducao
abespinhadamente	angrily	adv.		
abespinhado	annoyed	adj.		
abespinhar-se	to get annoyed	v. p.		
abesso	abesso	m. | Ant.		sem_traducao
abestruz	ostrich	m. | f.		
abestunto	abestunto	m. | Prov. trasm.		sem_traducao
abeta	abeta	f.		sem_traducao
abetarda	bustard	f.		
abetardado	berettered	adj.		
abete	beet	m. | lat.		
abeterno	abeterno	adv. | Cf. | loc. | lat.		sem_traducao
abeto	fir	m. | lat.		
abetoiro	ash tree	m.		
abetoninha	little fir	f.		
abetum	bitumen	m. | Ant.		
abetumado	pitched	adj. | Prov. trasm. | ﬁg. | Cf.		
abetumador	asphalter	m.		
abetumar	to coat	v. t.		
abexigar	bladder	v. t. | fam.		
abexim	abyssim	m. | Adj. | n. p.		
abezelgado	abezelgado	adj.		sem_traducao
abezerrado	calf-like	adj.		
abia	abia	f.		sem_traducao
abibe	abibe	f.		sem_traducao
abibe	lapwing	f.		
abibliotecar	library	v. t.		
abibliothecar	library	v. t.		
abicar	to beep	v. t. | v. i.		
abichar	abichar	v. t. | fam.		sem_traducao
abicheiro	bookmaker	m. | Prov. trasm. | Prov. beir. | lat. | hyp.		
abichornado	despondent	adj. | Bras. | Cp.		
abieiro	abieiro	m.		sem_traducao
abiético	abiotic	adj.		
abietina	abietina	f. | fem.		sem_traducao
abietíneas	abietines	f. pl.		
abietíneo	abietine	adj. | lat.		
abietino	abietino	adj.		sem_traducao
abieto	abortion	m.		
abiga	abiga	f.		sem_traducao
abigoiro	abigoiro	m. | Prov. beir. | Cp. | lat. | hyp.		sem_traducao
abilhamento	pile	m. | Ant.		
abilhar	billiards	v. t. | Ant. | fr.		
abinício	abinício	adv. | Cf. | lat.		sem_traducao
abio	bio	m.		
abiorama	abiorama	f. | Bras.		sem_traducao
abiótica	abiotic	f.		
abiótico	abiotic	adj. | gr.		
abipão	bipão	m.		
abirritaçao	irritation	f.		
abiscoitar	to grab a cookie	v. t. | fam. | Bras.		
abismado	astonished	adj.		
abismal	abysmal	adj.		
abismal	abyssal	adj.		
abismal	fathomless	adj.		
abismar	abysmal	v. t.		
abismo	abyss	m. | ﬁg. | b. lat.		
abismo	gulf	m. | ﬁg. | b. lat.		
abismo	chasm	m. | ﬁg. | b. lat.		
abismo	deep	m. | ﬁg. | b. lat.		
abismo	pit	m. | ﬁg. | b. lat.		
abismo	depths	m. | ﬁg. | b. lat.		
abismo	abysm	m. | ﬁg. | b. lat.		
abismo	precipice	m. | ﬁg. | b. lat.		
abismo	yawn	m. | ﬁg. | b. lat.		
abissal	abyssal	Adj. | as.		
abissínio	Abyssinian	m.		
abisso	abyss	m. | gr.		
abita	lives	f. | Náut. | germ.		
abitar	to live	v. t.		
abitílio	abitílio	m. | as. | corr.		sem_traducao
abitolar	narrow-minded	v. t.		
abitoninha	abitoninha	f. | Prov. beir.		sem_traducao
abivacar	abivacar	v. t. | Cf.		sem_traducao
abjecção	abjection	f. | lat.		
abjectamente	abjectly	adv.		
abjecto	abject	adj. | m. | lat.		
abjeição	abjection	f. | V.		
abjudicação	award	f. | lat.		
abjudicar	abjudicate	v. t. | lat.		
abjudicar	seize	v. t. | lat.		
abjugar	renounce	v. t.		
abjunção	abjunction	f. | lat.		
abjuncção	abjunction	f. | lat.		
abjuração	abjuration	f. | lat.		
abjuração	recantation	f. | lat.		
abjuração	apostasy	f. | lat.		
abjurador	abjurer	m.		
abjurante	abjuring	m. e adj.		
abjurar	abjure	v. | t. | lat.		
abjurar	recant	v. | t. | lat.		
abjurar	forswear	v. | t. | lat.		
abjuratório	abjuratory	adj.		
abjurgar	abjurgar	v. t. | lat.		sem_traducao
ablação	ablation	f. | Gram. | lat.		
ablação	excision	f. | Gram. | lat.		
ablactação	ablactation	f. | lat.		
ablactar	ablactar	v. t. | lat.		sem_traducao
ablamelares	ablamelares	f. pl. | Bot.	termo_tecnico_cientifico:Bot.	sem_traducao
ablamellares	ablamellares	f. pl. | Bot.	termo_tecnico_cientifico:Bot.	sem_traducao
ablaminares	ablaminar	f. pl.		
ablânia	ablania	f.		sem_traducao
ablaqueação	ablation	f. | lat.		
ablaquear	ablaquear	v. t. | as. | lat.		sem_traducao
ablaquecer	ablaquecer	v. t. | Ant.		sem_traducao
ablativo	ablative	adj. | m. | Gram.		
ablator	ablator	m.		sem_traducao
ablectos	affected	m. pl. | lat.		
ablefaria	ablepharia	f.		
abléfaro	ablepharo	adj. | gr.		
ablegação	abduction	f. | lat.		
ablegado	enabled	m. | lat.		
ablegar	ablegar	v. t. | lat.		sem_traducao
ableitar	to enable	v. t. | V.		
ablepharia	ablepharia	f.		sem_traducao
ablépharo	ablépharo	adj. | gr.		sem_traducao
ablução	ablution	f. | lat.		
ablução	washing	f. | lat.		
ablução	wash	f. | lat.		
abluente	blueing	adj. | m. | lat.		
abluir	abluir	v. t. | lat.		sem_traducao
abluir	wash	v. t. | lat.		
ablutor	ablutor	m. | lat.		sem_traducao
abnegação	abnegation	f. | lat.		
abnegação	austerity	f. | lat.		
abnegação	self-denial	f. | lat.		
abnegador	abnegator	m. | lat.		
abnegar	to renounce	v. t. | lat.		
abnegar	abnegate	v. t. | lat.		
abnegar	renounce	v. t. | lat.		
abneto	abneto	m. | V.		sem_traducao
aboamento	aboamento	m. | Carp.		sem_traducao
abóbada	dome	f. | as. | cast.		
abóbada	vault	f. | as. | cast.		
abóbada	arched roof	f. | as. | cast.		
abóbada	cope	f. | as. | cast.		
abobadado	vaulted	adj.		
abobadado	arched	adj.		
abobadar	vault	v. t.		
abobadar	cope	v. t.		
abobadar	arch	v. t.		
abobadilha	vault	f. | Prov. alent.		
abobadilheiro	fool	m. | Prov. alent.		
abobar-se	to be foolish	v. p.		
abóbeda	vault	f. | Ant. | V.		
abóbora	pumpkin	f. | ﬁg.		
abóbora	squash	f. | ﬁg.		
abóbora	gourd	f. | ﬁg.		
abóbora	cucurbit	f. | ﬁg.		
aboborado	pumpkin	adj. | ﬁg.		
aboboral	pumpkin	m.		
aboborar	pumpkin	v. t. | V. | Cf.		
aboboreira	pumpkin plant	f.		
aboborinha-do-mato	wild zucchini	f. | Bras.		
abobra	pumpkin	f. | der. | pop.		
abocador	mouthpiece	m.		
abocadura	mouthpiece	f.		
aboçamento	aboçamento	m.		sem_traducao
abocanhar	bite	v. t.		
abocanhar	snap	v. t.		
abocanhar	mouth	v. t.		
abocanhar	bite	v. i. | prov.		
abocanhar	snap	v. i. | prov.		
abocanhar	mouth	v. i. | prov.		
aboçar	to grab	v. t.		
abocetar	to boo	v. t.		
abochornado	bochornado	adj.		
abôço	arm	m. | Náut.		
abodegação	abodegação	f.		sem_traducao
abodegado	barn	adj. | Bras.		
abodegar	abodegar	v. t. | Bras. | n.		sem_traducao
abofé	abofé	adj. | Cf.		sem_traducao
aboiadinho	little cattle herder	adj. | t.		
aboiado	cattle herder	adj. | Pesc.		
aboiar	cattle herder	v. t. | v. i. | Cf.		
aboiar	cattle herder	v. t. | Açor.		
aboiar	cattle herder	v. t. | Prov. minh. | Bras. | v. i.		
aboio	cattle call	m. | Bras.		
aboís	aboís	f.		sem_traducao
aboíz	aboíz	f.		sem_traducao
abolar	abolar	v. t.		sem_traducao
abolar	abolar	v. t. | Ant.		sem_traducao
aboldriar-se	aboldriar se	v. p.		
aboleimado	aboleimado	adj.		sem_traducao
aboleimar	aboleimar	v. t.		sem_traducao
aboleirar	aboleirar	v. t. | Prov. minh.		sem_traducao
aboletamento	lodging	m.		
aboletar	billet	v. t.		
abolição	abolition	f. | lat.		
abolição	abolishing	f. | lat.		
abolição	abolishment	f. | lat.		
abolição	suppression	f. | lat.		
abolição	abrogation	f. | lat.		
abolição	annulment	f. | lat.		
abolição	rescission	f. | lat.		
abolicionismo	abolitionism	m. | lat.		
abolicionista	abolitionist	m. | lat.		
abolicionista	emancipationist	m. | lat.		
abolimento	abolishment	m.		
abolinar	abolish	v. i.		
abolir	abolish	v. t. | lat.		
abolir	do away	v. t. | lat.		
abolir	stop	v. t. | lat.		
abolir	abrogate	v. t. | lat.		
abolir	rid	v. t. | lat.		
abolir	rescind	v. t. | lat.		
abolir	annul	v. t. | lat.		
abolir	nullify	v. t. | lat.		
abolorecer	to mold	v. i.		
abolorecido	moldy	adj.		
abolório	abolório	m. | Ant. | Cp. | cast.		sem_traducao
abómaso	abomasum	m. | lat.		
abomba	bomb	f. | Prov. alent. | Cf. | rev.		
abombado	pumped up	adj. | Bras.		
abombar	bombar	v. | Bras.		
abominábil	abominable	adj. | Ant. | V.		
abominação	abomination	f. | lat.		
abominadôr	abominator	m.		
abominando	abhorring	adj. | lat.		
abominar	abhor	v. t. | lat.		
abominar	loathe	v. t. | lat.		
abominar	abominate	v. t. | lat.		
abominar	hate	v. t. | lat.		
abominar	detest	v. t. | lat.		
abominário	abominable	m. | Ant.		
abominável	abominable	adj. | lat.		
abominável	heinous	adj. | lat.		
abominável	infamous	adj. | lat.		
abominável	nefarious	adj. | lat.		
abominável	hateful	adj. | lat.		
abominável	foul	adj. | lat.		
abominável	odious	adj. | lat.		
abominável	atrocious	adj. | lat.		
abominável	accursed	adj. | lat.		
abominável	accurst	adj. | lat.		
abominavelmente	abominably	adv.		
abominavelmente	foully	adv.		
abominavelmente	abhorrently	adv.		
abominavelmente	damnably	adv.		
abomínio	abomination	m. | Cf.		
abominosamente	abominably	adv.		
abominoso	abominable	adj.		
abonação	guarantee	f.		
abonadamente	generously	adv.		
abonado	paid	adj.		
abonador	guarantor	m. e adj.		
abonador	warrantor	m. e adj.		
abonador	sponsor	m. e adj.		
abonador	guarantee	m. e adj.		
abonador	voucher	m. e adj.		
abonamento	bonus	m.		
abonançar	to provide a bonus	v. t.		
abonar	to guarantee	v. t. | Mús. | Ant.		
abonar	accredit	v. t. | Mús. | Ant.		
abonar	guarantee	v. t. | Mús. | Ant.		
abonatório	bonus	adj.		
abonaxi	abonaxi	m.		sem_traducao
abondança	abundance	f. | des. | Cf. | V.		
abondar	abandon	v. t. | Prov. trasm.		
abondo	abandonment	adj. | Ant.		
abonecado	doll	adj. | Cf.		
abono	allowance	m. | Mús. | Ant.		
aboquejar	to bite	v. t. | Prov. trasm.		
aboquejos	aboquejos	m. pl. | Prov. trasm. | Cp.		sem_traducao
aborbitar	abort	v. i. | Ant.		
aborbulhar	bubbling	v. i.		
aborcar	abort	v. t.		
abordada	addressed	f.		
abordador	approach	m. e adj.		
abordagem	approach	f.		
abordar	address	v. t.		
abordar	approach	v. t.		
abordar	broach	v. t.		
abordar	board	v. t.		
abordar	accost	v. t.		
abordar	grapple	v. t.		
abordar	address	v. t. | Gal. | fr.		
abordar	approach	v. t. | Gal. | fr.		
abordar	broach	v. t. | Gal. | fr.		
abordar	board	v. t. | Gal. | fr.		
abordar	accost	v. t. | Gal. | fr.		
abordar	grapple	v. t. | Gal. | fr.		
abordável	approachable	adj.		
abordo	on board	m.		
abordoar	to approach	v. t. | V. | p.		
aborígine	Aboriginal	adj. | m. | pl. | lat.		
abornalar	abornalar	v. t. | V.		sem_traducao
aborrascar-se	to get bored	v. p.		
aborrecedor	annoying	m. e adj.		
aborrecer	annoy	v. t.		
aborrecer	bore	v. t.		
aborrecer	bother	v. t.		
aborrecer	hate	v. t.		
aborrecer	trouble	v. t.		
aborrecer	vex	v. t.		
aborrecer	bug	v. t.		
aborrecer	irk	v. t.		
aborrecer	loathe	v. t.		
aborrecer	spite	v. t.		
aborrecer	tire	v. t.		
aborrecer	badger	v. t.		
aborrecer	pester	v. t.		
aborrecer	plague	v. t.		
aborrecer	molest	v. t.		
aborrecer	displease	v. t.		
aborrecer	hump	v. t.		
aborrecer	offend	v. t.		
aborrecer	disgust	v. t.		
aborrecer	distaste	v. t.		
aborrecer	leech	v. t.		
aborrecer	blister	v. t.		
aborrecer	fash	v. t.		
aborrecer	feeze	v. t.		
aborrecer	importune	v. t.		
aborrecer	nettle	v. t.		
aborrecer	pique	v. t.		
aborrecer	put about	v. t.		
aborrecer	torment	v. t.		
aborrecer	burst with anger	v. t.		
aborrecidamente	annoyingly	adv.		
aborrecido	bored	adj.		
aborrecido	boring	adj.		
aborrecido	dull	adj.		
aborrecido	annoyed	adj.		
aborrecido	dreary	adj.		
aborrecido	disgusted	adj.		
aborrecido	tedious	adj.		
aborrecido	bothersome	adj.		
aborrecido	vexed	adj.		
aborrecido	pesky	adj.		
aborrecido	worried	adj.		
aborrecido	tiresome	adj.		
aborrecido	grouchy	adj.		
aborrecido	tired	adj.		
aborrecido	troublesome	adj.		
aborrecido	jaded	adj.		
aborrecido	wearisome	adj.		
aborrecido	irksome	adj.		
aborrecido	sulky	adj.		
aborrecido	unpleasant	adj.		
aborrecido	vexing	adj.		
aborrecido	morose	adj.		
aborrecido	dullish	adj.		
aborrecido	worrisome	adj.		
aborrecido	drab	adj.		
aborrecido	damnable	adj.		
aborrecido	tiring	adj.		
aborrecido	soporific	adj.		
aborrecido	provoking	adj.		
aborrecido	horrid	adj.		
aborrecido	beastly	adj.		
aborrecido	meddler	adj.		
aborrecido	mumpish	adj.		
aborrecido	outworn	adj.		
aborrecido	pernickety	adj.		
aborrecido	prose	adj.		
aborrecido	worn-out	adj.		
aborrecimento	annoyance	m.		
aborrecimento	boredom	m.		
aborrecimento	nuisance	m.		
aborrecimento	trouble	m.		
aborrecimento	bother	m.		
aborrecimento	botheration	m.		
aborrecimento	unpleasantness	m.		
aborrecimento	ennui	m.		
aborrecimento	vexation	m.		
aborrecimento	bore	m.		
aborrecimento	weariness	m.		
aborrecimento	caliber	m.		
aborrecimento	tedium	m.		
aborrecimento	inconvenience	m.		
aborrecimento	resentment	m.		
aborrecimento	satiety	m.		
aborrecimento	phew	m.		
aborrecimento	calibre	m.		
aborrecível	boring	adj.		
aborregado	bored	adj. | Geol. | Cf.	termo_tecnico_cientifico:Geol.	
aborridamente	boring	adv.		
aborrido	bored	adj.		
aborrimento	boredom	m.		
aborrir	annoy	v. t. | lat.		
aborrível	boring	adj.		
aborso	abortion	m. | p. us. | p. | b. lat.		
abortamento	abortion	m.		
abortar	abort	v. t. | v. i. | Ant. | lat.		
abortar	miscarry	v. t. | v. i. | Ant. | lat.		
abortar	slip	v. t. | v. i. | Ant. | lat.		
abortício	abortion	adj.		
abortífero	abortive	adj. | Cf.		
abortivo	abortive	m. | Adj. | Cf. | lat.		
abôrto	abortion	m. | lat.		
abossadura	embossadura	f.		
abostelar	abostelar	v. i.		sem_traducao
abostellado	bustled	adj.		
abostellar	abostellar	v. i.		sem_traducao
abotinado	ankle boots	adj.		
abotinar	to boot	v. t.		
abotoação	buttoning	m.		
abotoadeira	buttonhole	f.		
abotoado	buttoned	adj.		
abotoador	buttonholer	m.		
abotoadura	cufflink	f.		
abotoar	button	v. t. | v. i. | V. | p. | Bras. | Cf. | fam.		
abotocadura	cufflinks	f. | Náut. | as.		
abotocar	button	v. t. | Náut.		
aboucar	aboucar	v. t. | Prov. trasm.		sem_traducao
abougar	abougar	v. i. | t.		sem_traducao
abouvila	abouvila	f. | Ant.		sem_traducao
abovila	abovila	f.		sem_traducao
abovilla	abovilla	f.		sem_traducao
abra	open	f. | cast.		
abraçada	embraced	f. | prov.		
abracadabra	abracadabra	m.		sem_traducao
abraçadeira	clamp	f.		
abraçador	hugger	m.		
abraçamento	hug	m.		
abraçar	to hug	v. | t. | ﬁg. | p. | f.		
abraçar	embrace	v. | t. | ﬁg. | p. | f.		
abraçar	hug	v. | t. | ﬁg. | p. | f.		
abraçar	cuddle	v. | t. | ﬁg. | p. | f.		
abraçar	enfold	v. | t. | ﬁg. | p. | f.		
abraçar	clasp	v. | t. | ﬁg. | p. | f.		
abraçar	cling	v. | t. | ﬁg. | p. | f.		
abraçar	squeeze	v. | t. | ﬁg. | p. | f.		
abraçar	fold	v. | t. | ﬁg. | p. | f.		
abraçar	enlace	v. | t. | ﬁg. | p. | f.		
abraçar	neck	v. | t. | ﬁg. | p. | f.		
abraçar	wind	v. | t. | ﬁg. | p. | f.		
abraçar	nestle	v. | t. | ﬁg. | p. | f.		
abraçar	embosom	v. | t. | ﬁg. | p. | f.		
abraçar	enclasp	v. | t. | ﬁg. | p. | f.		
abraçar	inlace	v. | t. | ﬁg. | p. | f.		
abraçar	inarm	v. | t. | ﬁg. | p. | f.		
abraçar	bosom	v. | t. | ﬁg. | p. | f.		
abrachia	abrachia	f. | Cp.		sem_traducao
abráchio	hug	m. | gr.		
abrachiocephalia	brachiocephalic	f. | Terat.	termo_tecnico_cientifico:Terat.	
abrachiocéphalo	abrachiocephalus	m. | Terat. | gr.	termo_tecnico_cientifico:Terat.	
abraço	hug	m.		
abraço	embrace	m.		
abraço	cuddle	m.		
abraço	squeeze	m.		
abraço	clasp	m.		
abraço	accolade	m.		
abraêmo	Abraham	m.		
abrahâmico	Abrahamic	adj.		
abrancaçado	bleached	adj. | Prov. minh. | Cf.		
abrandamento	easing	m.		
abrandamento	relaxation	m.		
abrandamento	softening	m.		
abrandamento	deceleration	m.		
abrandamento	mitigation	m.		
abrandamento	subsidence	m.		
abrandamento	mollification	m.		
abrandar	slow down	v. t. | ﬁg. | v. i.		
abrandar	mitigate	v. t. | ﬁg. | v. i.		
abrandar	soften	v. t. | ﬁg. | v. i.		
abrandar	ease	v. t. | ﬁg. | v. i.		
abrandar	relax	v. t. | ﬁg. | v. i.		
abrandar	slacken	v. t. | ﬁg. | v. i.		
abrandar	decelerate	v. t. | ﬁg. | v. i.		
abrandar	reduce	v. t. | ﬁg. | v. i.		
abrandar	soothe	v. t. | ﬁg. | v. i.		
abrandar	moderate	v. t. | ﬁg. | v. i.		
abrandar	relieve	v. t. | ﬁg. | v. i.		
abrandar	relent	v. t. | ﬁg. | v. i.		
abrandar	diminish	v. t. | ﬁg. | v. i.		
abrandar	slake	v. t. | ﬁg. | v. i.		
abrandar	appease	v. t. | ﬁg. | v. i.		
abrandar	mellow	v. t. | ﬁg. | v. i.		
abrandar	flatten	v. t. | ﬁg. | v. i.		
abrandar	calm down	v. t. | ﬁg. | v. i.		
abrandar	fall	v. t. | ﬁg. | v. i.		
abrandar	quiet	v. t. | ﬁg. | v. i.		
abrandar	mutate	v. t. | ﬁg. | v. i.		
abrandar	dilute	v. t. | ﬁg. | v. i.		
abrandar	modify	v. t. | ﬁg. | v. i.		
abrandar	season	v. t. | ﬁg. | v. i.		
abrandar	extenuate	v. t. | ﬁg. | v. i.		
abrandar	deaden	v. t. | ﬁg. | v. i.		
abrandar	attemper	v. t. | ﬁg. | v. i.		
abrandar	pass off	v. t. | ﬁg. | v. i.		
abrandar	unbend	v. t. | ﬁg. | v. i.		
abrandar	unbrace	v. t. | ﬁg. | v. i.		
abrandar	voice	v. t. | ﬁg. | v. i.		
abrandecer	soften	v. t. | V.		
abranger	to encompass	v. t. | Prov. beir. | lat.		
abranger	include	v. t. | Prov. beir. | lat.		
abranger	embrace	v. t. | Prov. beir. | lat.		
abranger	comprise	v. t. | Prov. beir. | lat.		
abranger	reach	v. t. | Prov. beir. | lat.		
abranger	comprehend	v. t. | Prov. beir. | lat.		
abranger	compass	v. t. | Prov. beir. | lat.		
abraquia	abraquia	f. | Cp.		sem_traducao
abráquio	Abraquio	m. | gr.		sem_traducao
abraquiocefalia	brachycephaly	f. | Terat.	termo_tecnico_cientifico:Terat.	
abraquiocéfalo	brachycephalic	m. | Terat. | gr.	termo_tecnico_cientifico:Terat.	
abrasadamente	fiercely	adv.		
abrasador	scorching	adj.		
abrasador	burning	adj.		
abrasador	parching	adj.		
abrasador	torrid	adj.		
abrasador	sweaty	adj.		
abrasador	tropical	adj.		
abrasador	tropic	adj.		
abrasamento	abrasion	m.		
abrasante	abrasive	adj.		
abrasão	abrasion	f. | Cir. | lat.	termo_tecnico_cientifico:Cir.	
abrasão	attrition	f. | Cir. | lat.	termo_tecnico_cientifico:Cir.	
abrasar	burn	v. t. | ﬁg.		
abrasar	be on fire	v. t. | ﬁg.		
abrasar	erode	v. t. | ﬁg.		
abrasear	burn	v. t. | Cf.		
abrasileirado	Brazilianized	adj.		
abrasileirar	to Brazilianize	v. t.		
abrasoar	abrade	v. t.		
abrasonar	abrasion	v. t. | Cf. | al.		
abrastol	abrastol	m.		sem_traducao
abraxas	abraxas	m. pl.		sem_traducao
abrazite	abrazite	f.		sem_traducao
abre-boca	open mouth	m.		
abre-ilhós	eyelet opener	m.		
abrecu	abrecu	m. | Prov. dur.		sem_traducao
ábrego	shelter	m. | Ant. | lat.		
abrejeirado	abbreviated	adj.		
abrenhar	to entwine	v. t. | V.		
abrenunciação	abbreviation	f.		
abrenunciar	report	v. t.		
abrenúncio!	abrenunciation!	interj. | lat.		
abreptício	abbreviation	adj. | lat.		
abretanhado	abbreviated	adj.		
abreu	abreu	m. | Bras.		sem_traducao
abrevar	abrevar	v. t. | Ant. | Cf. | v. i. | loc. | cit. | f. | V. | fr.		sem_traducao
abreviação	abbreviation	f.		
abreviação	abridgment	f.		
abreviação	shortening	f.		
abreviação	abridgement	f.		
abreviação	condensation	f.		
abreviadamente	in short	adj.		
abreviado	abbreviated	adj.		
abreviado	for short	adj.		
abreviador	abbreviation	m.		
abreviamento	abbreviation	m.		
abreviar	abbreviate	v. t. | lat.		
abreviar	shorten	v. t. | lat.		
abreviar	abridge	v. t. | lat.		
abreviativo	abbreviation	adj.		
abreviatura	abbreviation	f.		
abricó	apricot	m. | fr.		
abricoqueiro	apricot tree	m.		
abricote	apricot	m. | fr.		
abricoteiro	apricot tree	m.		
abrideira	bottle opener	f. | Bras.		
abridor	opener	m.		
abridor	tin opener	m.		
abriga	shelters	f. | Cf.		
abrigada	sheltered	f.		
abrigadoiro	shelter	m.		
abrigador	shelter	m. e adj.		
abrigadouro	shelter	m.		
abrigar	shelter	v. | t. | lat.		
abrigar	house	v. | t. | lat.		
abrigar	harbor	v. | t. | lat.		
abrigar	refuge	v. | t. | lat.		
abrigar	lodge	v. | t. | lat.		
abrigar	protect	v. | t. | lat.		
abrigar	nestle	v. | t. | lat.		
abrigar	ensconce	v. | t. | lat.		
abrigar	haver	v. | t. | lat.		
abrigar	screen	v. | t. | lat.		
abrigar	roof	v. | t. | lat.		
abrigo	shelter	m. | lat.		
abrigo	haven	m. | lat.		
abrigo	cover	m. | lat.		
abrigo	housing	m. | lat.		
abrigo	refuge	m. | lat.		
abrigo	home	m. | lat.		
abrigo	covert	m. | lat.		
abrigo	hostel	m. | lat.		
abrigo	retreat	m. | lat.		
abrigo	nest	m. | lat.		
abrigo	roof	m. | lat.		
abrigo	harborage	m. | lat.		
abrigo	harbourage	m. | lat.		
abrigo	anchor	m. | lat.		
abrigo	coverture	m. | lat.		
abrigo	sconce	m. | lat.		
abrigo	screen	m. | lat.		
abrigoír	shelter	v. i. | Açor.		
abrigoso	shelter	adj. | Cf.		
abril	April	m. | ﬁg. | lat.		
abrilada	Apriled	f.		
abrilhantar	to brighten	v. t.		
abrilhantar	enhance	v. t.		
abrimento	opening	m.		
abrir	open	v. t. | as. | v. i. | V. | p. | lat.		
abrir	open up	v. t. | as. | v. i. | V. | p. | lat.		
abrir	unlock	v. t. | as. | v. i. | V. | p. | lat.		
abrir	spread	v. t. | as. | v. i. | V. | p. | lat.		
abrir	cut	v. t. | as. | v. i. | V. | p. | lat.		
abrir	unfold	v. t. | as. | v. i. | V. | p. | lat.		
abrir	unfasten	v. t. | as. | v. i. | V. | p. | lat.		
abrir	deploy	v. t. | as. | v. i. | V. | p. | lat.		
abrir	unclench	v. t. | as. | v. i. | V. | p. | lat.		
abrir	unseal	v. t. | as. | v. i. | V. | p. | lat.		
abrir	rip	v. t. | as. | v. i. | V. | p. | lat.		
abrir	unclose	v. t. | as. | v. i. | V. | p. | lat.		
abrir	unbar	v. t. | as. | v. i. | V. | p. | lat.		
abrir	ditch	v. t. | as. | v. i. | V. | p. | lat.		
abrir	frank	v. t. | as. | v. i. | V. | p. | lat.		
abrir	unclasp	v. t. | as. | v. i. | V. | p. | lat.		
abrir	cut up	v. t. | as. | v. i. | V. | p. | lat.		
abrir	drift	v. t. | as. | v. i. | V. | p. | lat.		
abrir	barge	v. t. | as. | v. i. | V. | p. | lat.		
abrir	dehisce	v. t. | as. | v. i. | V. | p. | lat.		
abrir	let by	v. t. | as. | v. i. | V. | p. | lat.		
abrir	peck	v. t. | as. | v. i. | V. | p. | lat.		
abrir	rive	v. t. | as. | v. i. | V. | p. | lat.		
abrir	undraw	v. t. | as. | v. i. | V. | p. | lat.		
abrir	unstrap	v. t. | as. | v. i. | V. | p. | lat.		
abrir	free	v. t. | as. | v. i. | V. | p. | lat.		
abro	I open	m. | gr.		
abrocadado	brocadedo	adj.		
abrochador	broacher	m.		
abrochadura	abrochadura	f.		sem_traducao
abrochar	to bloom	v. t.		
abrogação	abrogation	f. | lat.		
abrogador	abrogador	m. | lat.		sem_traducao
abrogar	abrogate	v. t. | lat.		
abrogativo	abrogative	adj.		
abrogatório	abrogation	adj.		
abrolhador	sprout	adj.		
abrolhal	abrolhal	m.		sem_traducao
abrolhamento	budding	m.		
abrolhar	sprout	v. t. | v. i.		
abrolho	thorn	m. | ﬁg.		
abrolhoso	thorny	adj. | ﬁg.		
abroma	brome	m.		
abronceiro	abronceiro	m. | Prov. trasm.		sem_traducao
abrónia	abronia	f.		sem_traducao
abronzear	tan	v. t. | V.		
abroquelar	abroquelar	v. t.		sem_traducao
abróstolo	abrostolo	m. | fam. | gr.		sem_traducao
abrotal	abrotal	adj. | des.		sem_traducao
abrótano	abrótano	m. | corr.		sem_traducao
abrótano	southernwood	m. | corr.		
abrotar	sprout	v. i. | V.		
abrótea	daffodil	f. | gr.		
abrótea	whiting	f. | gr.		
abrótea	daffodilly	f. | gr.		
abroteal	abroteal	m.		sem_traducao
abrótega	daffodil	f. | Prov. beir.		
abrótia	abrotia	f.		sem_traducao
abrótica	abrotica	f.		sem_traducao
abrótiga	abrotiga	f. | Cf. | rev.		sem_traducao
abrotinas	abrotinas	f. pl. | Prov. alg.		sem_traducao
abrótono	abrótono	m. | gr.		sem_traducao
abrotonoide	abrotonoid	f. | gr.		
abrumar	abrumar	v. t. | Cf.		sem_traducao
abrunhal	abrunhal	m.		sem_traducao
abrunhar	to slick	v. t. | t.		
abrunheiro	blackthorn	m.		
abrunheiro	sloe	m.		
abrunho	sloe	m. | lat.		
abrunho-do-duque	duke's plum	m.		
abrunho-do-rei	king sloe	m.		
abrupção	abruption	f. | lat.		
abruptamente	abruptly	adv.		
abruptamente	bluntly	adv.		
abruptamente	short	adv.		
abruptamente	shortly	adv.		
abruptela	abrupt	f.		
abrupto	abrupt	adj. | lat.		
abrupto	sudden	adj. | lat.		
abrupto	steep	adj. | lat.		
abrupto	precipitate	adj. | lat.		
abrupto	gruff	adj. | lat.		
abrupto	angular	adj. | lat.		
abrupto	bluff	adj. | lat.		
abruso	abruso	m. | gr.		sem_traducao
abrutadamente	abruptly	adv.		
abrutado	brutal	adj.		
abrutalhado	brutish	adj.		
abrutalhado	coarse	adj.		
abrutalhado	heavy	adj.		
abrutalhar-se	to become brutal	v. p.		
abrutamento	brutalization	m.		
abrutar	brutalize	v. t.		
abrutecer	to brutalize	v. t.		
abs	abs	pref.		sem_traducao
absceder	abscede	v. i. | lat.		
abscesso	abscess	m. | lat.		
abscesso	tumor	m. | lat.		
abscesso	tumour	m. | lat.		
abscisão	abscission	f. | lat.		
abscissa	abscissa	f. | Geom. | num. | lat.	termo_tecnico_cientifico:Geom.	sem_traducao
abscondado	hidden	adv. | Ant. | as.		
absconder	hide	v. t. | V.		
abscônsia	absconsia	f. | b. lat.		sem_traducao
absconso	absconso	m. e adj. | Cf.		sem_traducao
absência	absence	f. | Ant. | V.		
absentar	absentee	v. t. | Ant. | V.		
absente	absent	adj. | Ant.		
absentismo	absenteeism	m.		
absentista	absentee	m.		
absentista	non-resident	m.		
ábsida	apse	f.		
absidal	abyssal	adj.		
ábside	apse	f. | lat.		
absintar	abstain	v. t.		
absintato	absinthe	m. | Sal. | lat.		
absinthar	absinthar	v. t.		sem_traducao
absinthato	absinthe	m. | Sal. | lat.		
absínthico	absinthic	adj.		
absinthina	absinthine	f.		
absínthio	absinthium	m. | lat.		
absinthismo	absinthism	m.		
absinthite	absinthite	m. | lat.		sem_traducao
absintho	absinthe	m. | fr. | V.		
absíntico	absinthe	adj.		
absintina	absinthe	f.		
absíntio	absinthium	m. | lat.		
absintismo	absinthism	m.		
absintite	absinthitis	m. | lat.		
absinto	absinthe	m. | fr. | V.		
absinto	wormwood	m. | fr. | V.		
absinto	absinth	m. | fr. | V.		
absogra	absogra	fem.		sem_traducao
absogro	absogro	m. | lat.		sem_traducao
absoleto	obsolete	adj. | Ant. | Cf.		
absolto	absolved	adj. | Cf. | lat.		
absolução	acquittal	f. | Ant. | lat.		
absolutamente	absolutely	adv.		
absolutamente	quite	adv.		
absolutamente	at all	adv.		
absolutamente	simply	adv.		
absolutamente	absolutely not	adv.		
absolutamente	not at all	adv.		
absolutismo	absolutism	m.		
absolutista	absolutist	adj. | m.		
absoluto	absolute	adj. | lat.		
absoluto	utter	adj. | lat.		
absoluto	total	adj. | lat.		
absoluto	sheer	adj. | lat.		
absoluto	unmitigated	adj. | lat.		
absoluto	outright	adj. | lat.		
absoluto	unconditional	adj. | lat.		
absoluto	implicit	adj. | lat.		
absoluto	dyed-in-the-wool	adj. | lat.		
absolutório	acquittal	adj.		
absolver	absolve	v. | t. | ﬁg. | lat.		
absolver	acquit	v. | t. | ﬁg. | lat.		
absolver	forgive	v. | t. | ﬁg. | lat.		
absolver	exculpate	v. | t. | ﬁg. | lat.		
absolvição	absolution	f. | lat.		
absolvição	acquittal	f. | lat.		
absolvição	discharge	f. | lat.		
absolvição	pardon	f. | lat.		
absolvimento	acquittal	m.		
ábsono	absono	adj. | lat.		sem_traducao
absorpção	absorption	f. | lat.		
absorpciometria	Absorptiometry	f. | lat. | gr.		
absorpciométrico	Absorptiometric	adj.		
absorto	absorbed	adj. | lat.		
absorto	lost	adj. | lat.		
absorto	deep	adj. | lat.		
absorto	oblivious	adj. | lat.		
absorto	ecstatic	adj. | lat.		
absorto	abstracted	adj. | lat.		
absorto	absent-minded	adj. | lat.		
absorvedoiro	absorbent	m.		
absorvedor	absorber	m. e adj.		
absorvedor	absorbing	m. e adj.		
absorvedor	absorbent	m. e adj.		
absorvedouro	absorbent	m.		
absorvência	absorbency	f.		
absorvência	absorptiveness	f.		
absorvente	absorbent	m. e adj. | lat.		
absorvente	absorbing	m. e adj. | lat.		
absorvente	adsorbent	m. e adj. | lat.		
absorvente	engrossing	m. e adj. | lat.		
absorvente	bibulous	m. e adj. | lat.		
absorvente	adsorbing	m. e adj. | lat.		
absorvente	spongy	m. e adj. | lat.		
absorvente	overmastering	m. e adj. | lat.		
absorver	absorb	v. | t. | p. | lat.		
absorver	soak up	v. | t. | p. | lat.		
absorver	soak	v. | t. | p. | lat.		
absorver	imbibe	v. | t. | p. | lat.		
absorver	adsorb	v. | t. | p. | lat.		
absorver	assimilate	v. | t. | p. | lat.		
absorver	swallow	v. | t. | p. | lat.		
absorver	drink	v. | t. | p. | lat.		
absorver	engross	v. | t. | p. | lat.		
absorver	occupy	v. | t. | p. | lat.		
absorver	engorge	v. | t. | p. | lat.		
absorver	impregnate	v. | t. | p. | lat.		
absorver	occlude	v. | t. | p. | lat.		
absorvimento	absorption	m.		
absôrvo	absolve	m.		
abstemia	abstinence	f.		
abstêmico	abstemious	adj.		
abstêmio	teetotaler	adj. | m. | lat.		
abstêmio	abstemious	adj. | m. | lat.		
abstêmio	abstainer	adj. | m. | lat.		
abstêmio	teetotal	adj. | m. | lat.		
abstêmio	temperate	adj. | m. | lat.		
abstêmio	abstentious	adj. | m. | lat.		
abstêmio	blueribbonist	adj. | m. | lat.		
abstenção	abstention	f. | lat.		
abstenção	forbearance	f. | lat.		
abstencionista	abstainer	m. | Cf. | pol.		
abster	abstain	v. t. | V. | p. | v. i. | Cf. | lat.		
abstergência	abstinence	f.		
abstergente	abstergent	adj. | lat.		
absterger	abstain	v. t. | lat.		
abstero	abstain	adj. | Ant.		
abstersão	abstersion	f. | lat.		
abstersivo	abstergent	adj. | m.		
absterso	abstain	adj. | lat.		
abstinência	abstinence	f. | lat.		
abstinência	abstention	f. | lat.		
abstinência	fasting	f. | lat.		
abstinência	fast	f. | lat.		
abstinente	abstinent	adj. | lat.		
abstinente	abstentious	adj. | lat.		
abstracção	abstraction	f. | lat.		
abstractamente	abstractly	adv.		
abstractivo	abstractive	adj.		
abstracto	abstract	adj. | m. | lat.		
abstrahimento	abstraction	m. | Cf.		
abstrahir	abstract	v. t. | v. i. | V. | p. | lat.		
abstraimento	abstraction	m. | Cf.		
abstrair	abstract	v. t. | v. i. | V. | p. | lat.		
abstrair	prescind	v. t. | v. i. | V. | p. | lat.		
abstrusamente	abstrusely	adv.		
abstrusidade	abstruness	f.		
abstruso	abstruse	adj. | lat.		
abstruso	recondite	adj. | lat.		
absumir	abscond	v. t. | des. | lat.		
absumpção	abstention	f. | lat.		
absurdamente	absurdly	adv.		
absurdeza	absurdity	f. | Cf.		
absurdo	absurd	adj. | m. | lat.		
absurdo	nonsense	adj. | m. | lat.		
absurdo	absurdity	adj. | m. | lat.		
absurdo	preposterous	adj. | m. | lat.		
absurdo	nonsensical	adj. | m. | lat.		
absurdo	ridiculous	adj. | m. | lat.		
absurdo	ludicrous	adj. | m. | lat.		
absurdo	foolish	adj. | m. | lat.		
absurdo	incongruous	adj. | m. | lat.		
absurdo	inept	adj. | m. | lat.		
absurdo	irrational	adj. | m. | lat.		
absurdo	unreason	adj. | m. | lat.		
absurdo	monstrous	adj. | m. | lat.		
absurdo	impertinent	adj. | m. | lat.		
absurdo	bloodcurdling	adj. | m. | lat.		
absurdo	ragtime	adj. | m. | lat.		
absurdo	ill-placed	adj. | m. | lat.		
abu	abus	m.		
abuçar	abuse	v. t. | Gír.		
abugão	bugão	m. | Prov. minh.		
abujão	abujão	m. | lat.		sem_traducao
abular	abular	v. t. | V. | p.		sem_traducao
abulia	abulia	f. | gr.		sem_traducao
abulia	apathy	f. | gr.		
abúlico	abulic	adj.		
abullar	abullar	v. t. | V. | p.		sem_traducao
abuna	Abuna	m. | Bras.		sem_traducao
abundamento	abundance	m. | Ant.		
abundância	abundance	f. | lat.		
abundância	plenty	f. | lat.		
abundância	galore	f. | lat.		
abundância	fullness	f. | lat.		
abundância	affluence	f. | lat.		
abundância	glut	f. | lat.		
abundância	oodles	f. | lat.		
abundância	lashings	f. | lat.		
abundância	quantity	f. | lat.		
abundância	prosperity	f. | lat.		
abundância	fulness	f. | lat.		
abundância	flush	f. | lat.		
abundância	opulence	f. | lat.		
abundância	thickness	f. | lat.		
abundância	ampleness	f. | lat.		
abundância	fleshpots	f. | lat.		
abundância	amplitude	f. | lat.		
abundância	load	f. | lat.		
abundante	abundant	adj. | ﬁg.		
abundante	plentiful	adj. | ﬁg.		
abundante	plenty	adj. | ﬁg.		
abundante	copious	adj. | ﬁg.		
abundante	rich	adj. | ﬁg.		
abundante	large	adj. | ﬁg.		
abundante	profuse	adj. | ﬁg.		
abundante	ample	adj. | ﬁg.		
abundante	generous	adj. | ﬁg.		
abundante	plenteous	adj. | ﬁg.		
abundante	full	adj. | ﬁg.		
abundante	teeming	adj. | ﬁg.		
abundante	bounteous	adj. | ﬁg.		
abundante	affluent	adj. | ﬁg.		
abundante	numerous	adj. | ﬁg.		
abundante	prolific	adj. | ﬁg.		
abundante	liberal	adj. | ﬁg.		
abundante	frequent	adj. | ﬁg.		
abundante	opulent	adj. | ﬁg.		
abundante	flush	adj. | ﬁg.		
abundante	unsparing	adj. | ﬁg.		
abundante	philoprogenitive	adj. | ﬁg.		
abundante	wanton	adj. | ﬁg.		
abundante	lumping	adj. | ﬁg.		
abundante	chock-full	adj. | ﬁg.		
abundante	thick-set	adj. | ﬁg.		
abundantemente	abundantly	adv.		
abundantemente	profusely	adv.		
abundantemente	galore	adv.		
abundar	abound	v. | fam. | lat.		
abundar	teem	v. | fam. | lat.		
abundar	exuberate	v. | fam. | lat.		
abundar	swarm	v. | fam. | lat.		
abundidade	abundance	f. | Cf.		
abundosamente	abundantly	adv.		
abundoso	abundant	adj. | Ant. | Cf.		
abunhadio	abunhadio	m.		sem_traducao
abunhado	flocked	m.		
abunhar	abunhar	v. i.		sem_traducao
abur!	abur!	interj. | Prov. trasm.		sem_traducao
aburacar	to burrow	v. t. | V.		
aburelar	aburela	v. t.		
aburguesado	bourgeois	adj.		
aburguesar-se	to become bourgeois	v. p.		
aburrar	to bore	v. t. | des.		
aburrinhar	annoy	v. i. | prov. | dem.		
abusamento	abuse	m. | Prov. alent.		
abusão	abuse	f. | lat.		
abusar	abuse	v. i.		
abusar	encroach	v. i.		
abusar	run down	v. i.		
abusivamente	abusively	adv.		
abusivo	abusive	adj. | lat.		
abuso	abuse	m.		
abuso	misuse	m.		
abuso	violence	m.		
abuso	overindulgence	m.		
abuso	trespass	m.		
abuso	inroad	m.		
abuso	ill-use	m.		
abuta	abuta	f. | Ant.		sem_traducao
abutilão	abutilão	m.		sem_traducao
abutilo	butilo	m.		
abutiloide	butyloid	f. | fam.		
abutre	vulture	m. | ﬁg. | lat.		
abutre	griffon	m. | ﬁg. | lat.		
abutre-fusco	dark vulture	m. | Cf. | p. | Zool.	termo_tecnico_cientifico:Zool.	
abutreiro	vulture	m.		
abútua	abuta	f.		
abutumado	butumado	adj. | Cf.		
abuzinado	honked	adj.		
abuzinar	honk	v. i.		
abysmo	abyss	m. | der. | V.		
abyssal	abyssal	Adj. | as.		sem_traducao
abyssínio	Abyssinian	m.		
abysso	abyss	m. | gr.		
acá	here	m.		
aca	aca	m. | Bras.		sem_traducao
aca	aca	f. | t. | port.		sem_traducao
acabaçar	finish	v. t.		
acabadamente	completely	adv.		
acabadiço	finished	adj. | Cf.		
acabado	finished	adj. | fam. | m.		
acabado	done	adj. | fam. | m.		
acabado	out	adj. | fam. | m.		
acabado	accomplished	adj. | fam. | m.		
acabado	past	adj. | fam. | m.		
acabado	thoroughgoing	adj. | fam. | m.		
acabado	crowned	adj. | fam. | m.		
acabado	thoroughpaced	adj. | fam. | m.		
acabador	finisher	m.		
acabadote	finished	adj.		
acabamento	finish	m.		
acabamento	finishing	m.		
acabamento	workmanship	m.		
acabamento	completion	m.		
acabamento	complement	m.		
acabamento	consummation	m.		
acabanado	finished	adj. | prov.		
acabar	to finish	v. t. | v. i. | loc. conj. | Cf. | ed.		
acabar	end	v. t. | v. i. | loc. conj. | Cf. | ed.		
acabar	finish	v. t. | v. i. | loc. conj. | Cf. | ed.		
acabar	terminate	v. t. | v. i. | loc. conj. | Cf. | ed.		
acabar	cease	v. t. | v. i. | loc. conj. | Cf. | ed.		
acabar	expire	v. t. | v. i. | loc. conj. | Cf. | ed.		
acabar	conclude	v. t. | v. i. | loc. conj. | Cf. | ed.		
acabar	squelch	v. t. | v. i. | loc. conj. | Cf. | ed.		
acabar	phase out	v. t. | v. i. | loc. conj. | Cf. | ed.		
acabar	consummate	v. t. | v. i. | loc. conj. | Cf. | ed.		
acabar	round	v. t. | v. i. | loc. conj. | Cf. | ed.		
acabar	carry through	v. t. | v. i. | loc. conj. | Cf. | ed.		
acabar	buzz	v. t. | v. i. | loc. conj. | Cf. | ed.		
acabellar	acabellar	v. i. | der. | V.		sem_traducao
acaboclado	mixed-race	adj.		
acabramar	acabramar	v. t. | des. | Cp.		sem_traducao
acabramo	we finished	m.		
acabrunhadamente	dejectedly	adv.		
acabrunhado	dejected	adj.		
acabrunhado	woebegone	adj.		
acabrunhado	depressed	adj.		
acabrunhado	embarrassed	adj.		
acabrunhar	to crush	v. t. | V. | p. | t.		
acabrunhar	embarrass	v. t. | V. | p. | t.		
acabrunhar	distress	v. t. | V. | p. | t.		
acabrunhar	overburden	v. t. | V. | p. | t.		
acacá	acacá	m. | Bras.		sem_traducao
açacal	açacal	m. | Ant. | ár.		sem_traducao
açacaladamente	slowly	adv.		
açacalador	acacalador	m.		sem_traducao
açacaladura	açacaladura	f.		sem_traducao
açacalar	açacalar	v. | t. | ﬁg.		sem_traducao
acaçapadamente	crouching	adv.		
acaçapado	squatting	adj.		
acaçapar	acaçapar	v. t.		sem_traducao
acachafundar	sink	v. t. | pop.		
acachapar	acachapar	v. t.		sem_traducao
acachar	squat	v. t. | V.		
acachoar	acachoar	v. t. | v. i.		sem_traducao
acachuchar	acachuchar	v. | t. | Prov. trasm.		sem_traducao
acácia	acacia	f. | fam. | lat.		sem_traducao
acácia-bastarda	bastard acacia	f.		
acácia-dos-alemães	German acacia	f.		
acacifar	acacifar	v. t.		sem_traducao
açacu	açacu	m.		sem_traducao
acadar	acadar	m. | t. | port.		sem_traducao
acadar	acadar	v. t. | t. | contr.		sem_traducao
acadeirar-se	to sit down	v. p.		
acadêmia	academy	f. | Cp.		
academial	academic	adj. | V.		
academialmente	academically	adj. | V.		
academiar	academy	v. i.		
academicamente	academically	adv.		
acadêmico	academic	adj. | m. | lat.		
acadêmico	academician	adj. | m. | lat.		
acadêmico	academical	adj. | m. | lat.		
acadêmico	scholastic	adj. | m. | lat.		
academista	academic	m.		
acadianos	Akkadians	m. pl.		
acadimar-se	to become an academic	v. | p. | prov.		
acadrimar-se	acadrim-se	v. p.		
acaecente	acaecente	adj. | Ant.		sem_traducao
acaecer	acaecer	v. i. | Ant. | Cp. | lat.		sem_traducao
acaecimento	acaecimento	m.		sem_traducao
açafaitar	açafaitar	v. | t.		sem_traducao
acafanhar	to snatch	v. t. | Prov. minh.		
açafata	acefata	f.		
açafatar	to basket	v. t.		
açafate	basket	m. | ár.		
açafate-de-oiro	golden basket	m. | Bras.		
acafelador	acafelador	m.		sem_traducao
acafeladura	acafeladura	f.		sem_traducao
acafelamento	cafelamento	m.		
acafelar	acafelar	v. t. | cast.		sem_traducao
acafetar	to	v. t. | Cp.		
açaflôr	saffron	m.		
açafões	saffrons	m. pl.		
açafrão	saffron	m. | fam. | ár.		
açafrão	crocus	m. | fam. | ár.		
açafrar	saffron	v. | Ant. | Cp.		
açafrôa	saffron	f.		
açafroado	saffron	adj.		
açafroador	saffron-maker	m.		
açafroal	saffron	m.		
açafroamento	saffron	m.		
açafroar	saffron	v. | t.		
açafroeira	saffron	f.		
açafrôl	saffron	m. | Prov. alg.		
açagador	scouring	m. | Ant. | Cf. | Cp.		
açahi	acai	m.		
açahizeiro	açaí palm	m.		
açaí	açaí	m.		sem_traducao
acaia	acaia	f. | Bras.		sem_traducao
acaico	acaic	adj. | lat.		
açaimar	muzzle	v. | t. | ﬁg.		
açaime	muzzle	m. | V.		
açaimo	muzzle	m. | der. | V.		
acaina	acaina	f. | gr.		sem_traducao
acaio	acaio	adj. | lat.		sem_traducao
acaipirar-se	to become a country bumpkin	v. p. | Bras.		
acairelador	acairelador	m.		sem_traducao
acairelamento	acairelamento	m.		sem_traducao
acairelar	acairelar	v. t.		sem_traducao
acais-a-cajo	acai-a-cajo	loc. adv. | Ant. | corr.		
açaizeiro	açaí palm	m.		
acajá	acajá	m.		sem_traducao
acajadar	acajadar	v. t.		sem_traducao
acaju	mahogany	m. | V.		
acajuadiço	cashew	adj. | Prov. alg.		
acajueiro	cashew tree	m. | V.		
acalacas	acalacas	m.		sem_traducao
acalantho	lullaby	m. | gr.		
acalanto	lullaby	m. | gr.		
acalar	quiet	v. | prov. | Cp.		
acalcanhado	trodden	adj. | ﬁg.		
acalcanhamento	heeling	m.		
acalcanhar	heel	v. t. | v. i. | as.		
acalcar	to crush	v. t.		
acalefologia	acalefology	f.		
acalefos	acalefos	m. pl. | Zool. | gr.	termo_tecnico_cientifico:Zool.	sem_traducao
acalentador	comforting	adj. | Cf.		
acalentar	cherish	v. t. | ﬁg. | lat.		
acalentar	lull	v. t. | ﬁg. | lat.		
acalento	comfort	m.		
acalephologia	acalephology	f.		
acalephos	acalephos	m. pl. | Zool. | gr.	termo_tecnico_cientifico:Zool.	sem_traducao
acalicino	acalicino	adj. | Bot.	termo_tecnico_cientifico:Bot.	sem_traducao
acalifa	acalipha	f. | gr.		
acalipto	ecalyptus	m. | gr.		
acalmação	calming	f.		
acalmamento	calming	m.		
açalmar	açalmar	v. t. | Ant. | Cf.		sem_traducao
acalmia	calm	f. | Med. | Cf.	termo_tecnico_cientifico:Med.	
acalmia	mollification	f. | Med. | Cf.	termo_tecnico_cientifico:Med.	
acalmópteros	calm-particles	m. pl. | qual.		
açaloiado	azaloiado	adj.		
acalorar	heat up	v. t.		
acalorar	heat	v. t.		
acalorar	inflame	v. t.		
açalpão	trapdoor	m. | Bras. | metáth.		
acalypha	acalypha	f. | gr.		sem_traducao
acalypto	apocalypto	m. | gr.		
acamacu	acamacu	m.		sem_traducao
açamado	scouring	adj. | ﬁg.		
açamar	açamar	v. | t. | ﬁg.		sem_traducao
acamaradar-se	to become friends	v. t.		
açamarrado	tied	adj.		
açamarrar-se	to tie oneself up	v. p.		
açambarcadeira	hoarder	f. | Prov. minh.		
açambarcador	hoarder	m. e adj.		
açambarcador	grasper	m. e adj.		
açambarcagem	hoarding	f.		
açambarcamento	hoarding	m.		
açambarcar	hoard	v. t.		
açambarcar	monopolize	v. t.		
açambarcar	engross	v. t.		
açambarcar	corner	v. t.		
açambarcar	appropriate	v. t.		
acamboar	acamboar	v. t.		sem_traducao
acambolhado	stumbling	adj.		
açame	tassel	m.		
açamo	muzzle	m.		
acamonia	acamonia	f. | Bras.		sem_traducao
açamoucado	muzzled	m.		
acampainhar	camping	v. t.		
acampamento	camping	m.		
acampamento	camp	m.		
acampamento	encampment	m.		
acampamento	camping site	m.		
acampamento	laager	m.		
acampamento	decampment	m.		
acampar	camping	v. | t. | v. i. | p.		
acampar	camp	v. | t. | v. i. | p.		
acampar	encamp	v. | t. | v. i. | p.		
acampar	pitch	v. | t. | v. i. | p.		
acampar	maroon	v. | t. | v. i. | p.		
acampsia	camping	f. | Med.	termo_tecnico_cientifico:Med.	
acampto	camp	m. | Phýs. | gr.	termo_tecnico_cientifico:Phýs.	
acamptosomos	acamptosomes	m. pl. | Zool. | gr.	termo_tecnico_cientifico:Zool.	
acamurçado	suede	adj.		
acamurçar	suede	v. t.		
açan	açan	m. | Prov. trasm.		sem_traducao
acanadas	acanadas	f. pl. | Bot.	termo_tecnico_cientifico:Bot.	sem_traducao
acanalado	channeled	adj.		
acanalador	pipe cleaner	adj.		
acanaladura	canalization	f.		
acanalar	canalar	v. t.		
acanalhado	despicable	adj.		
acanalhar	to degrade	v. t. | V. | p. | Cf.		
acanaveado	reeds	adj. | ﬁg.		
acanaveadura	cane	f.		
acanavear	sugarcane	v. t. | as. | fam.		
açancalhar	to get squeezable	v. t. | Prov. beir. | mal. | v. i. | t.		
açancanhar	to snatch	v. t. | Prov. trasm. | v. i.		
acanelado	cinnamon	adj.		
acanelado	ribbed	adj.		
acaneladura	acaneladura	f. | V.		sem_traducao
acanelar	groove	v. t.		
acanelar	flute	v. t.		
acanga	acanga	f.		sem_traducao
açanganhar	açanganhar	v. t.		sem_traducao
acanhadamente	timidly	adv.		
acanhado	cramped	adj. | ﬁg.		
acanhado	sheepish	adj. | ﬁg.		
acanhado	skimpy	adj. | ﬁg.		
acanhado	shy	adj. | ﬁg.		
acanhado	narrow	adj. | ﬁg.		
acanhado	timid	adj. | ﬁg.		
acanhado	demure	adj. | ﬁg.		
acanhado	shamefaced	adj. | ﬁg.		
acanhado	poky	adj. | ﬁg.		
acanhado	backward	adj. | ﬁg.		
acanhado	scrimpy	adj. | ﬁg.		
acanhado	gauche	adj. | ﬁg.		
acanhado	diffluent	adj. | ﬁg.		
acanhado	hidebound	adj. | ﬁg.		
acanhado	scary	adj. | ﬁg.		
acanhado	poor-spirited	adj. | ﬁg.		
acanhado	sheep-faced	adj. | ﬁg.		
acanhador	cramped	m. e adj.		
acanhamento	shyness	m.		
acanhamento	diffidence	m.		
acanhar	shy	v. t. | ﬁg.		
acanho	shy	m. | Cf.		
acanhoar	shy	v. t.		
acanhonear	to shy away	v. t.		
acanhotado	shy	adj. | Gír. | Prov. minh.		
acanonicamente	acanonically	adv.		
acanónico	acanonical	adj.		
acanonista	canonist	m.		
acantábalo	acantabale	m. | gr.		
acantáceas	acanthaceae	f. pl.		
acanteirado	bedded	adj.		
acanteirar	to build a bed	v. t.		
acanthábalo	acanthábalo	m. | gr.		sem_traducao
acantháceas	acanthaceae	f. pl.		
acanthia	acanthia	f. | gr.		sem_traducao
acanthião	acanthião	m. | gr.		sem_traducao
acantho	acantho	m. | gr.		sem_traducao
acanthocárpio	acanthocarp	adj. | gr.		
acanthocéphalos	acanthocéphalos	m. pl. | gr.		sem_traducao
acanthocládio	acanthocladium	adj. | gr.		
acanthodáctylos	acanthodactylos	m. | pl. | gr.		sem_traducao
acanthómetro	acanthometer	m. | gr.		
acanthóphago	acanthophagous	adj. | gr.		
acanthóphoro	acanthophore	adj. | gr.		
acanthópio	acanthopio	adj. | gr.		sem_traducao
acanthopomos	acanthopomos	m. pl. | gr.		sem_traducao
acanthopterygiano	acanthopterygian	adj.		
acanthopterygio	acanthopterygium	adj. | pl. | gr.		
acanthorinas	acanthorinas	f. | pl. | gr.		sem_traducao
acanthospermo	acanthosperm	m. | gr.		
acanthura	acanthura	m. | gr.		sem_traducao
acantia	acanthia	f. | gr.		
acantião	acanthion	m. | gr.		
acanto	acanthus	m. | gr.		
acantoameato	acanthoameato	m.		
acantoar	camp	v. t.		
acantocárpio	acanthocarp	adj. | gr.		
acantocéfalos	acanthocephalans	m. | pl. | gr.		
acantochanado	acantochanado	adj. | Mús.		sem_traducao
acantocládio	acanthocladium	adj. | gr.		
acantodáctilos	acanthodactyls	m. pl. | gr.		
acantófago	acanthophagous	adj. | gr.		
acantóforo	acanthophore	adj. | gr.		
acantómetro	acanthometer	m. | gr.		
acantonamento	encampment	m.		
acantonamento	cantonment	m.		
acantonar	camp	v. t.		
acantonar	canton	v. t.		
acantópio	acantopia	adj. | gr.		
acantopomos	acanthopomes	m. pl. | gr.		
acantopterigiano	acanthopterygian	adj.		
acantopterígio	acanthopterygium	adj. | pl. | gr.		
acantorinas	acantorinas	f. pl. | gr.		sem_traducao
acantospermo	acanthosperm	m. | gr.		
acantura	acantura	m. | gr.		sem_traducao
acanular	acannular	v. t.		
açapar	cinder	v. t. | pop.		
acaparrar	acaparrar	v. | t. | Prov. trasm.		sem_traducao
acapelado	capped	adj. | pop. | Ant. | des. | Cf. | diccion.		
acapelar	hat	v. t.		
acapelar	hat	v. t. | des. | Cf. | diccion. | or.		
acapellar	a cappella	v. t.		
acapitular	acapitular	v. t.		sem_traducao
acapna	acapna	f. | gr.		sem_traducao
acapnia	acapnia	f. | Med. | gr.	termo_tecnico_cientifico:Med.	sem_traducao
acapno	acapno	adj. | as. | gr.		sem_traducao
acapu	acapu	m.		sem_traducao
acapu-rana	acapu-rana	m.		sem_traducao
açar	açar	suf.		sem_traducao
acará	acara	m. | Bras.		sem_traducao
acará	acara	m. | Bras.		sem_traducao
acarajé	Shrimp bean ball	m. | Bras.		
acaramelado	caramelized	adj.		
acaramular	acaramular	v. t. | prov. | v. i.		sem_traducao
acarangado	caring	adj.		
acarão	mite	adv. | Ant.		
acarapinhar	acarapinhar	v. t. | V.		sem_traducao
acarar	acarar	v. t. | V.		sem_traducao
acaraúba	acarauba	f.		sem_traducao
açarçalhar	to lasso	v. | t. | Prov. minh.		
acarda	card	f. | lat.		
acardia	acardia	f. | gr.		sem_traducao
acardíaco	acardiac	adj. | Terat. | gr.	termo_tecnico_cientifico:Terat.	
acarditar	acardiate	v. t. | pop.		
acardumar-se	to cluster together	v. p.		
acareação	confrontation	f.		
acareador	face-keeper	adj.		
acareamento	confrontation	m.		
acareante	caressing	adj.		
acarear	confront	v. t. | as.		
acarear	confront	v. t. | Cf. | V. | id. | Prov. minh.		
acarentar	caress	v. t. | Ant.		
acari	acari	m. | qual.		sem_traducao
acária	acaria	f.		sem_traducao
acaríase	acariasis	f. | gr.		
acaricada	caressed	f. | Bras.		
acariciadamente	tenderly	adv.		
acariciador	soothing	adj.		
acariciante	caressing	adj.		
acariciar	caress	v. t.		
acariciar	pet	v. t.		
acariciar	fondle	v. t.		
acariciar	cherish	v. t.		
acariciar	hug	v. t.		
acariciar	fawn	v. t.		
acariciar	nestle	v. t.		
acariciar	dandle	v. t.		
acariciar	nurse	v. t.		
acariciar	blandish	v. t.		
acariciar	canoodle	v. t.		
acariciar	paddle	v. t.		
acariciar	embosom	v. t.		
acariciar	neck	v. t.		
acariciativo	caressing	adj.		
acaricuara	acaricuara	f. | Bras.		sem_traducao
acaridar-se	to caress	v. p.		
acarídeos	mites	m. pl. | gr.		
acarima	acarima	m.		sem_traducao
acarinhar	cherish	v. t.		
acarinhar	caress	v. t.		
acarinhar	indulge	v. t.		
acarinhar	coddle	v. t.		
acarinhar	pamper	v. t.		
acarinhar	neck	v. t.		
acarinhar	pet	v. t.		
acário	acaria	m.		
acarlinga	acarlinga	f. | Náut. | des.		sem_traducao
acarminado	crimson	adj.		
acarna	acarna	m. | fam. | gr.		sem_traducao
acarneirado	sheep	adj.		
ácaro	mite	m. | gr.		
acarofobia	acarophobia	f. | Med. | gr.	termo_tecnico_cientifico:Med.	
acarophobia	acarophobia	f. | Med. | gr.	termo_tecnico_cientifico:Med.	sem_traducao
acárpio	acarpio	adj. | gr.		sem_traducao
acarraçado	carried	adj.		
acarrado	carried	adj.		
acarradoiro	cart driver	m. | prov. | as. | Cf. | rev.		
acarradouro	acarradouro	m. | prov. | as. | Cf. | rev.		sem_traducao
acarrapatado	acarrapatado	adj.		sem_traducao
acarrar	carry	v. i. | prov. | ﬁg.		
acarrear	to entail	v. t.		
acarredar	to entail	v. t. | Ant. | metáth.		
acarreja	carries	f. | Prov. trasm. | Cp.		
acarrejar	to carry	v. t. | der. | v. i. | prov.		
acarretador	carrier	m. | Prov. alg.		
acarretadura	carriage	f.		
acarretamento	entailment	m.		
acarretar	to entail	v. t.		
acarretar	result in	v. t.		
acarretar	bring about	v. t.		
acarretar	cart	v. t.		
acarrêto	haul	m. | V.		
acarro	car	m. | Prov. alent. | as.		
acartadeira	postwoman	f. | Prov. beir. | num.		
acartar	carry	v. t. | pop.		
acartonado	cardboard	adj.		
acartonar	cartonar	v. t.		
acarvalhar	oak tree	v. | t.		
acarvar	acarvar	v. t. | Ant. | metáth.		sem_traducao
acas	acas	m. pl.		sem_traducao
acasacado	coated	adj.		
acasalar	mate	v. t.		
acasalar	pair	v. t.		
acascarrilhado	gravelly	adj.		
acasear	acasear	v. t. | der.		sem_traducao
acasmurrado	sullen	adj. | Cf.		
acaso	by chance	m. | Adv.		
acaso	chance	m. | Adv.		
acaso	random	m. | Adv.		
acaso	accident	m. | Adv.		
acaso	case	m. | Adv.		
acaso	haphazard	m. | Adv.		
acaso	hazard	m. | Adv.		
acaso	luck	m. | Adv.		
acaso	venture	m. | Adv.		
acaso	fortuity	m. | Adv.		
acaso	hap	m. | Adv.		
acaso	lottery	m. | Adv.		
acasquilhar	to shell	v. t. | V. | p.		
acastanhado	brownish	adj.		
acastanhado	chestnut	adj.		
acastanhado	chesty	adj.		
acastanhar	brownish	v. t.		
acastelado	castellated	v. t.		
acastelamento	castle	m.		
acastelar	to build a castle	v. t.		
acastelhanado	Spanish	adj.		
acastelhanar	to castelnate	v. t.		
acastellado	castellated	v. t.		
acastellamento	castle	m.		
acastellar	acastellar	v. t.		sem_traducao
acastos	chaste	m. pl.		
acasulado	cocoon	adj.		
acasuso	by chance	m. e adj. | des.		
acatadamente	respectfully	adv.		
acatador	comply	m.		
acatadura	acatadura	f.		sem_traducao
acatafasia	acataphasia	f. | Med. | as. | gr.	termo_tecnico_cientifico:Med.	
acataia	acataia	f.		sem_traducao
acataléctico	acataleptic	adj. | gr.		
acatalepsia	acatalepsy	f. | gr.		
acataléptico	acataleptic	adj.		
acatamento	compliance	m.		
acatamento	observance	m.		
acataphasia	acataphasia	f. | Med. | as. | gr.	termo_tecnico_cientifico:Med.	sem_traducao
acatápose	acatápose	f. | Med. | gr.	termo_tecnico_cientifico:Med.	sem_traducao
acatar	comply	v. t. | as. | v. i. | Ant. | lat.		
acatar	obey	v. t. | as. | v. i. | Ant. | lat.		
acatarrado	catarrhal	adj.		
acatarroado	catarrhal	adj. | V.		
acatarsia	akatarsia	f. | Med. | gr.	termo_tecnico_cientifico:Med.	
acatasolado	catasolated	adj.		
acatástico	akatastic	adj. | Med. | gr.	termo_tecnico_cientifico:Med.	
acatável	acceptable	adj.		
acatético	acathectic	adj. | Med. | gr.	termo_tecnico_cientifico:Med.	
acatharsia	akatharsia	f. | Med. | gr.	termo_tecnico_cientifico:Med.	
acathéctico	acathéctico	adj. | Med. | gr.	termo_tecnico_cientifico:Med.	sem_traducao
acathisia	akathisia	f. | Med. | gr.	termo_tecnico_cientifico:Med.	
acathólico	Catholic	adj.		
acatia	acatia	f.		sem_traducao
acatingado	acatingado	adj. | Bras.		sem_traducao
acatisia	akathisia	f. | Med. | gr.	termo_tecnico_cientifico:Med.	
acatitar	accept	v. t. | Cf. | p.		
ácato	acacia	m. | as.		
acatólico	non-Catholic	adj.		
acauan	acauan	m. | Bras. | t. | onom. | der.		sem_traducao
acaudelar	caution	v. t. | Ant.		
acaudilhadamente	cautiously	adv.		
acaudilhar	to lead	v. t.		
acaule	acaule	adj. | Bot. | gr.	termo_tecnico_cientifico:Bot.	sem_traducao
acauteladamente	cautiously	adv.		
acautelado	cautious	adj.		
acautelado	aware	adj.		
acautelado	on the alert	adj.		
acautelamento	precaution	m.		
acautelar	take precautions	v. t.		
acautelar	warn	v. t.		
acava	acava	f. | des.		sem_traducao
acavalado	mounted	adj. | Bras. | n.		
acavalar	mount	v. | t.		
acavaleirar	to ride	v. t.		
acavaletado	on horseback	adj.		
acavallado	mounted	adj. | Bras. | n.		
acavallar	acavallar	v. | t.		sem_traducao
acavalleirar	to ride	v. t.		
acavalletado	acavalletado	adj.		sem_traducao
acc	acc			sem_traducao
acca	acca	f. | t. | port.		sem_traducao
accadar	accadar	m. | t. | port.		sem_traducao
acção	action	f. | Gram. | lat.		
accedente	ascendant	adj. | lat.		
acceder	access	v. | lat.		
acceitabilidade	acceptability	f.		
acceitação	acceptance	f.		
acceitador	acceptor	m.		
acceitamento	acceptance	m. | Ant.		
acceitante	acceptor	m. e adj.		
acceitar	accept	v. | t. | lat.		
acceitável	acceptable	adj.		
acceite	accept	m.		
acceito	I accept	adj.		
acceleração	acceleration	f. | lat.		
acceleradamente	rapidly	adv.		
accelerado	accelerated	adj.		
accelerador	accelerator	adj.		
acceleramento	acceleration	m. | V.		
accelerar	accelerate	v. t. | lat.		
accelerativo	accelerative	adj.		
acceleratriz	accelerator	adj. | fem.		
accendalha	kindling	f.		
accendedalha	fire starter	f. | Cf.		
accendedor	accelerator	m.		
accender	light	v. t. | ﬁg. | lat.		
accendidamente	accendimente	adv. | ﬁg.		
accendimento	lighting	m.		
accendível	accessible	adj.		
accenso	access	m. | lat.		
accento	accent	m. | lat.		
accentuação	accentuation	f.		
accentuar	accentuate	v. t. | as. | ﬁg.		
accepção	meaning	f. | lat.		
acceptar	accept	v. t. | der. | Ant.		
acceptilação	acceptance	f. | des. | lat.		
acceptuar	acceptuar	v. i. | Prov. trasm. | Cp.		sem_traducao
accesamente	accessively	adv.		
acceso	access	adj. | ﬁg. | lat.		
accessão	accession	f. | lat.		
accessibilidade	accessibility	f. | b. lat.		
accessível	accessible	adj. | b. lat.		
accesso	access	m. | lat.		
accessoriamente	additionally	adv.		
accessório	accessory	adj.		
acciano	Acciano	adj. | Cf.		sem_traducao
accidentação	accident	f.		
accidentado	injured	adj.		
accidental	accidental	adj. | Mús.		sem_traducao
accidentalmente	accidentally	adv.		
accidentar	accident	v. t.		
accidentariamente	accidentally	adv.		
accidentário	accident	adj.		
accidentável	accidental	adj.		
accidente	accident	m. | pop. | lat.		
accingir	accingir	v. | t. | des. | Cf. | fr. | lat.		sem_traducao
accionado	activated	m.		
accionador	actuator	m.		
accional	actional	adj. | neol. | lat.		
accionar	activate	v. t. | v. i. | lat.		
accionário	shareholder	m. | V.		
accionista	shareholder	m. | lat.		
accipitrário	accipital	m. | lat.		
accípitres	accipitres	m. pl. | lat.		sem_traducao
accipitrianos	accipitrians	m. pl. | lat.		
accipitrídeos	accipitridae	m. pl. | lat. | gr.		
accipitrino	accipitrino	adj. | lat.		sem_traducao
acclamação	acclamation	f. | lat.		
acclamador	acclaimed	m.		
acclamar	acclaim	v. t. | lat.		
acclive	uphill	m. | Adj. | lat.		
accommodação	accommodation	f.		
accommodadamente	comfortably	adv.		
accommodadiço	comfortable	adj.		
accommodamento	accommodation	m. | V.		
accommodar	accommodate	v. t. | lat.		
accommodatício	accommodation	adj.		
accommodável	comfortable	adj.		
accômodo	comfortable	adj. | Ant.		
accorredor	broker	adj. | Cf.		
accorrer	run	v. i. | lat.		
accorrimento	relief	m. | Ant.		
accorro	aid	m.		
accrecentar	add	v. t. | der.		
accrecer	increase	v. i. | der.		
accrescentada	added	adj. | f. | prov.		
accrescentador	adder	m. e adj.		
accrescentamento	addition	m.		
accrescentar	add	v. | t.		
accrescente	add	m. | pop.		
accrescento	addition	m. | Cf.		
accrescer	add	v. | v. t. | lat.		
accrescido	added	m. | port.		
accrescimento	growth	m.		
accréscimo	addition	m.		
accúbito	accubitus	m. | lat.		
accubitor	accumulator	m. | Ant. | Cf. | diccion. | lat.		
accumbente	accumbente	adj. | lat.		sem_traducao
accumulação	accumulation	f. | lat.		
accumuladamente	cumulatively	adv.		
accumulador	accumulator	m. e adj. | Phýs.	termo_tecnico_cientifico:Phýs.	
accumulamento	accumulation	m. | V.		
accumular	accumulate	v. t. | V. | p. | ﬁg. | lat.		
accumulativamente	cumulatively	adv.		
accumulativo	cumulative	adj.		
accúmulo	accumulation	m. | neol.		
accuradamente	accurately	adv.		
accurar	correct	v. t. | lat.		
accusação	accusation	f. | lat.		
accusado	accused	m.		
accusador	accuser	m. e adj. | lat.		
accusamento	accusation	m.		
accusante	accuser	m.		
accusar	accuse	v. t. | lat.		
accusativo	accusative	adj. | m. | Gram. | lat.		
accusatoriamente	accusatory	adv.		
accusatório	accusatory	adj. | lat.		
accusável	accuseable	adj. | lat.		
accuse	accuse	m. | V.		sem_traducao
accuso	I accuse	m. | as.		
acebar	acebar	v. t. | Prov. trasm.		sem_traducao
acedente	ascending	adj. | lat.		
aceder	access	v. i. | lat.		
aceder	submit	v. i. | lat.		
acedia	accessed	f. | gr.		
acedrenchado	acedrenchado	adj. | Ant.		sem_traducao
acedrenche	acedrenche	m. | Ant. | Cf. | Geneal.		sem_traducao
acefalia	acephaly	f.		
acefálico	acephalic	adj.		
acefalismo	acephalism	m.		
acefalitas	acephalitis	m. pl.		
acéfalo	headless	adj. | gr.		
acéfalo	acephalous	adj. | gr.		
acefalobraquia	acephalobrachium	f.		
acefalobráquio	acephalobrachium	adj. | gr.		
acefalocardia	acephalocardia	f.		
acefalocárdio	acephalocardium	adj. | gr.		
acefalogastria	acephalogastria	f. | gr.		
acefalogástrico	acephalogastric	adj.		
acefalomia	acephalomy	f. | Terat. | gr.	termo_tecnico_cientifico:Terat.	
acefalópode	acephalopod	m. e adj. | gr.		
acefalopodia	acephalopodia	f. | Terat.	termo_tecnico_cientifico:Terat.	
acefalorraquia	acephalorraquia	f. | gr.		
acefalostomia	acephalostomy	f.		
acefalóstomo	acephalostome	m. | gr.		
acefalotoracia	acephalotoracia	f. | gr.		
acefalotorácico	acephalothoracic	adj.		
aceifa	accepts	f.		
aceifão	scythe	m. | Prov. alent.		
aceifar	accept	v. t.		
aceiramento	firebreak	m.		
aceirar	accept	v. t.		
aceirar	accept	v. t. | as. | Bras. | Cf. | m.		
aceiro	firebreak	m. | Ant.		
aceiro	firebreak	m.		
aceitabilidade	acceptability	f.		
aceitação	acceptance	f.		
aceitação	acceptation	f.		
aceitação	admission	f.		
aceitador	acceptor	m.		
aceitamento	acceptance	m. | Ant.		
aceitan	accept	f.		
aceitante	acceptor	m. e adj.		
aceitante	accepter	m. e adj.		
aceitar	to accept	v. t. | lat.		
aceitar	accept	v. t. | lat.		
aceitar	receive	v. t. | lat.		
aceitar	take on	v. t. | lat.		
aceitar	admit	v. t. | lat.		
aceitar	adopt	v. t. | lat.		
aceitar	have	v. t. | lat.		
aceitar	assume	v. t. | lat.		
aceitar	undertake	v. t. | lat.		
aceitar	adhere	v. t. | lat.		
aceitar	subscribe	v. t. | lat.		
aceitar	hug	v. t. | lat.		
aceitável	acceptable	adj.		
aceitável	decent	adj.		
aceitável	passable	adj.		
aceitável	admissible	adj.		
aceitável	plausible	adj.		
aceitável	eligible	adj.		
aceitável	possible	adj.		
aceite	accept	m.		
aceite	acceptance	m.		
aceito	accepted	adj.		
aceleração	acceleration	f. | lat.		
aceleração	haste	f. | lat.		
aceleração	pickup	f. | lat.		
aceleração	momentum	f. | lat.		
aceleração	racing	f. | lat.		
aceleração	speed-up	f. | lat.		
aceleradamente	accelerated	adv.		
acelerado	accelerated	adj.		
acelerado	quick	adj.		
acelerado	hasty	adj.		
acelerador	accelerator	adj.		
acelerador	accelerant	adj.		
acelerador	accelerating	adj.		
aceleramento	acceleration	m. | V.		
acelerar	accelerate	v. t. | lat.		
acelerar	speed up	v. t. | lat.		
acelerar	speed	v. t. | lat.		
acelerar	expedite	v. t. | lat.		
acelerar	hasten	v. t. | lat.		
acelerar	quicken	v. t. | lat.		
acelerar	hurry	v. t. | lat.		
acelerar	urge	v. t. | lat.		
acelerar	precipitate	v. t. | lat.		
acelerar	haste	v. t. | lat.		
acelerar	smarten	v. t. | lat.		
acelerativo	accelerator	adj.		
acelerativo	accelerative	adj.		
aceleratriz	accelerator	adj. | fem.		
acelga	chard	f.		
acém	acém	m. | ár. | Cp. | cast.		sem_traducao
acém	sparerib	m. | ár. | Cp. | cast.		
acena	waves	f. | fam. | gr.		
acenamento	waving	m.		
acenar	wave	v. i.		
acenar	beckon	v. i.		
acenar	shake	v. i.		
acenar	motion	v. i.		
acendalha	kindling	f.		
acendedalha	fire starter	f. | Cf.		
acendedor	lighter	m.		
acendedor	lights	m.		
acender	light up	v. t. | ﬁg. | lat.		
acender	light	v. t. | ﬁg. | lat.		
acender	turn on	v. t. | ﬁg. | lat.		
acender	ignite	v. t. | ﬁg. | lat.		
acender	kindle	v. t. | ﬁg. | lat.		
acender	fire	v. t. | ﬁg. | lat.		
acender	enkindle	v. t. | ﬁg. | lat.		
acender	lighten	v. t. | ﬁg. | lat.		
acendidamente	intensely	adv. | ﬁg.		
acendimento	ignition	m.		
acendimento	firing	m.		
acendível	accessible	adj.		
acendrar	light	v. t. | ﬁg. | lat.		
acenha	acenha	f. | Cf. | m.		sem_traducao
acenheiro	acenheiro	m. | des.		sem_traducao
aceno	wave	m.		
aceno	gesture	m.		
aceno	beckon	m.		
aceno	sign	m.		
aceno	beck	m.		
aceno	bob	m.		
acenoso	nodding	adj. | Bot.	termo_tecnico_cientifico:Bot.	
acenso	access	m. | lat.		
acento	accent	m. | lat.		
acento	tone	m. | lat.		
acentróptero	acentropteran	m. | gr.		
acentuação	accentuation	f.		
acentuação	stress	f.		
acentuação	intonation	f.		
acentuar	accentuate	v. t. | as. | ﬁg.		
acentuar	accent	v. t. | as. | ﬁg.		
acentuar	emphasize	v. t. | as. | ﬁg.		
acentuar	stress	v. t. | as. | ﬁg.		
acentuar	underline	v. t. | as. | ﬁg.		
áceo	aceous	suf. | Adj. | lat.		
acepção	meaning	f. | lat.		
acepção	sense	f. | lat.		
acephalia	acephaly	f.		
acephálico	acephalic	adj.		
acephalismo	acephalism	m.		
acephalitas	acephalitas	m. pl.		sem_traducao
acéphalo	headless	adj. | gr.		
acephalobrachia	acephalobrachia	f.		sem_traducao
acephalobráchio	acephalobráchio	adj. | gr.		sem_traducao
acephalocardia	acephalocardia	f.		sem_traducao
acephalocárdio	acephalocardio	adj. | gr.		sem_traducao
acephalogastria	acephalogastria	f. | gr.		sem_traducao
acephalogástrico	acephalogastric	adj.		
acephalomia	acephalomy	f. | Terat. | gr.	termo_tecnico_cientifico:Terat.	
acephalópode	acephalopod	m. e adj. | gr.		
acephalopodia	acephalopodia	f. | Terat.	termo_tecnico_cientifico:Terat.	sem_traducao
acephalorachia	acephalorachia	f. | gr.		sem_traducao
acephalostomia	acephalostomy	f.		
acephalóstomo	acephalostome	m. | gr.		
acephalothoracia	acephalothoracia	f. | gr.		sem_traducao
acephalothorácico	acephalothoracic	adj.		
acepilhador	brusher	m.		
acepilhadura	acepilhadura	f.		sem_traducao
acepilhar	brush	v. t.		
acepipar	aceptipar	v. t.		
acepipe	appetizer	m. | cast.		
acepipe	delicacy	m. | cast.		
acepipe	titbit	m. | cast.		
acepipeiro	acepieiro	adj.		
aceptilação	aceptilation	f. | des. | lat.		
aceptuar	accept	v. i. | Prov. trasm. | Cp.		
acéqua	acéqua	f. | Ant.		sem_traducao
acequia	acequia	f. | Prov. alent. | ár.		sem_traducao
ácer	maple	m. | lat.		
aceração	acceleration	f.		
aceráceas	aceraceae	f. pl.		
aceradamente	sharply	adv.		
aceradas	sharp	f. pl.		
acerado	steely	adj. | ﬁg.		
acerado	stinging	adj. | ﬁg.		
acerantho	acerantho	m. | gr.		sem_traducao
aceranto	aceranthus	m. | gr.		
acerar	sharpen	v. t.		
acerário	acerio	m. | neol.		
acerato	acetate	m.		
acerato	acetate	m. | Sal.		
acerbamente	bitterly	adv.		
acerbar	acerbar	v. t. | Cf.		sem_traducao
acerbar	acerbate	v. t. | Cf.		
acerbidade	acerbity	f. | ﬁg.		
acerbidade	poignancy	f. | ﬁg.		
acerbo	acerbo	adj. | lat.		sem_traducao
acerbo	poignant	adj. | lat.		
acerbo	vinegary	adj. | lat.		
acêrca	about	loc. prep. | seg. | prep. | lat.		
acêrca	about	adv. | Cf. | or.		
acercar-se	approach	v. p.		
acercar-se	come near	v. p.		
acerdésia	acerdesia	f.		sem_traducao
acerejado	cherry	adj.		
acerejar	cherry	v. t.		
acéreo	acéreo	adj. | m. | pl.		sem_traducao
acérico	aceric	adj.		
acerina	acerina	f.		sem_traducao
aceríneas	acerines	f. pl. | fem. | pl.		
aceríneo	acerine	adj.		
acero	steel	m. | Bras.		
aceroídeas	aceroids	f. pl. | as. | lat. | gr.		
acerolo	acerolo	m.		sem_traducao
áceros	maples	m. pl. | gr.		
aceroso	aceroso	adj.		sem_traducao
acerotosia	acerotosia	f. | gr.		sem_traducao
acerra	acerra	f. | lat.		sem_traducao
acerrimamente	fiercely	adv.		
acérrimo	staunch	adj. | lat.		
acérrimo	bitter	adj. | lat.		
acertadamente	correctly	adv.		
acertadamente	rightly	adv.		
acertador	correct	m.		
acertamento	settlement	m. | Chron. | V.		
acertar	to hit	v. t. | v. i.		
acertar	hit	v. t. | v. i.		
acertar	set	v. t. | v. i.		
acertar	adjust	v. t. | v. i.		
acertar	regulate	v. t. | v. i.		
acêrto	correct	m. | prov.		
acervação	collection	f. | lat.		
acervar	acervar	v. t. | Cf.		sem_traducao
acervejado	beer	adj. | ﬁg.		
acervo	collection	m. | lat.		
acervo	heap	m. | lat.		
acervo	estate	m. | lat.		
acervo	drift	m. | lat.		
acérvulo	acervulus	m.		
acesamente	intensely	adv.		
acescência	ascendance	f.		
acescente	ascending	adj. | lat.		
aceso	lit	adj. | ﬁg. | lat.		
aceso	alight	adj. | ﬁg. | lat.		
aceso	excited	adj. | ﬁg. | lat.		
aceso	live	adj. | ﬁg. | lat.		
aceso	furious	adj. | ﬁg. | lat.		
acessão	accession	f. | lat.		
acessibilidade	accessibility	f. | b. lat.		
acessibilidade	attainability	f. | b. lat.		
acessível	accessible	adj. | b. lat.		
acessível	available	adj. | b. lat.		
acessível	approachable	adj. | b. lat.		
acessível	easy	adj. | b. lat.		
acessível	forthcoming	adj. | b. lat.		
acessível	pervious	adj. | b. lat.		
acessível	get-at-able	adj. | b. lat.		
acesso	access	m. | lat.		
acesso	entry	m. | lat.		
acesso	admission	m. | lat.		
acesso	accession	m. | lat.		
acesso	approach	m. | lat.		
acesso	gateway	m. | lat.		
acesso	admittance	m. | lat.		
acesso	door	m. | lat.		
acesso	outburst	m. | lat.		
acesso	attack	m. | lat.		
acesso	bout	m. | lat.		
acesso	paroxysm	m. | lat.		
acesso	touch	m. | lat.		
acesso	flush	m. | lat.		
acesso	adit	m. | lat.		
acesso	sally	m. | lat.		
acesso	stroke	m. | lat.		
acessoriamente	additionally	adv.		
acessório	accessory	adj.		
acessório	attachment	adj.		
acessório	fixture	adj.		
acessório	adjunct	adj.		
acessório	secondary	adj.		
acessório	subsidiary	adj.		
acessório	unessential	adj.		
acessório	collateral	adj.		
acessório	accompaniment	adj.		
acessório	appendant	adj.		
acessório	paraphernalia	adj.		
acessório	accidental	adj.		
acessório	importless	adj.		
acessório	implement	adj.		
acetabulária	acetabularia	f. | lat.		sem_traducao
acetabulário	acetabularium	m. | lat.		
acetabulífero	acetabuliferous	adj. | m. | pl. | lat.		
acetabuliforme	acetabuliform	adj.		
acetábulo	acetabulum	m. | lat.		
acetacético	acetacetic	adj.		
acetal	acetal	m.		sem_traducao
acetâmido	acetamide	m. | lat.		
acetanilido	acetanilide	m.		
acetar	acetar	v. t. | lat.		sem_traducao
acetário	acetarium	m. | lat.		
acetato	acetate	m. | Sal. | lat.		
acéter	aceter	m. | cast.		sem_traducao
acético	acetic	adj. | lat.		
acetidina	acetidine	f. | lat.		
acetificação	acetification	f.		
acetificar	acetify	v. t. | lat.		
acetilanilina	acetylaniline	f.		
acetilena	acetylene	f.		
acetilene	acetylene	m.		
acetilênico	acetylenic	adj.		
acetileno	acetylene	m.		
acétilo	acetyl	m. | rad.		
acetilogênio	acetylogen	m.		
acetímetro	acetylameter	m.		
acetina	acetin	f.		
aceto	aceto	m. | Cf. | diccion.		sem_traducao
acetol	acetol	m. | lat.		sem_traducao
acetolado	acetolated	m.		
acetolato	acetolate	m.		
acetomel	acetomel	m. | lat.		sem_traducao
acetómetro	acetometer	m. | lat. | gr.		
acetona	acetone	f.		
acetonato	acetonate	m. | Sal.		
acetonemia	acetonemia	f. | Med. | gr.	termo_tecnico_cientifico:Med.	sem_traducao
acetonia	acetone	f. | V.		
acetónico	acetone	adj.		
acetonina	acetonin	f.		
acetonuria	acetonuria	f. | Med. | gr.	termo_tecnico_cientifico:Med.	sem_traducao
acetosa	acetose	f. | des.		
acetosamina	acetosamine	f.		
acetosidade	acetosity	f.		
acetoso	acetous	adj. | lat.		
acetre	acetre	m. | Ant.		sem_traducao
acetulatura	acetulation	f.		
acetylanilina	acetylaniline	f.		
acetylena	acetylene	f.		
acetylene	acetylene	m.		sem_traducao
acetylênico	acetylenic	adj.		
acetyleno	acetylene	m.		
acétylo	acetyl	m. | rad.		
acetylogênio	acetylogen	m.		
acevadado	barley	adj.		
acevadar	barley	v. t.		
acevar	acevar	v. t. | V.		sem_traducao
acha	he thinks	f. | pl. | lat.		
acha	he thinks	f. | Ant. | al.		
achabaçar	to dabble	v. t. | Prov. beir.		
achaboucado	chaboucado	adj. | prov. | mal.		
achacadamente	harassed	adv.		
achacadiço	achecacious	adj.		
achacado	blackmailed	adj. | t.		
achacana	achacana	f.		sem_traducao
achacar	to extort	v. i. | Ant.		
achacar	extort	v. i. | Ant.		
achacoso	sick	adj.		
achada	found	f. | Ant.		
achada	found	f. | Ant. | Prov. alg. | contr.		
achádego	achádego	m. | Ant. | as.		sem_traducao
achadiço	found	adj. | m. | prov.		
achádigo	achadigo	m.		sem_traducao
achadilha	achadilha	f. | Prov. trasm.		sem_traducao
achado	found	m.		
achado	finding	m.		
achado	find	m.		
achadoiro	finder	m.		
achador	finder	m.		
achadouro	find	m.		
achafundar	findthewater	v. t. | pop.		
achagual	achagual	m.		sem_traducao
achaico	achaico	adj. | lat.		sem_traducao
achaina	achaina	f. | gr.		sem_traducao
achaio	finding	adj. | lat.		
achalmópteros	achalmopterans	m. pl. | qual.		
achaloucado	crazy	adj. | prov.		
achamalotado	muddled	adj.		
achamalotar-se	to become waterlogged	v. p. | neol.		
achamboar	chamaboar	v. t.		
achamboirado	chamaboirado	adj. | mal.		
achamento	finding	m.		
achamorrado	muddled	adj. | Bras. | Cp.		
achanadamente	foundly	adv.		
achanar	achanar	v. t. | Ant. | V. | p.		sem_traducao
achanci	achanci	m. | Cf.		sem_traducao
achancil	chancel	m. | Cf.		
achancilado	chancilado	m.		
achânia	achania	f.		sem_traducao
achantar	flatten	v. t. | Ant.		
achantis	achantis	m. pl.		sem_traducao
achaparrado	flat	adj.		
achaparrar	chapaparrar	v. i.		
achaque	attack	m. | Ant. | cast.		
achaquilho	slap	m.		
achar	to think	v. t. | lat.		
achar	find	v. t. | lat.		
achar	think	v. t. | lat.		
achar	find out	v. t. | lat.		
achar	strike	v. t. | lat.		
achar	to think	m. | t. | mal.		
achar	find	m. | t. | mal.		
achar	think	m. | t. | mal.		
achar	find out	m. | t. | mal.		
achar	strike	m. | t. | mal.		
achária	acharia	f.		sem_traducao
acharoado	achaoado	adj.		
acharoar	japan	v. t.		
achatadela	flattened	f. | fam.		
achatado	flat	adj. | ﬁg.		
achatado	flattened	adj. | ﬁg.		
achatado	crushed	adj. | ﬁg.		
achatado	compressed	adj. | ﬁg.		
achatadura	flattening	f.		
achatamento	flattening	m.		
achatamento	flatness	m.		
achatar	flatten	v. t. | fam.		
achatar	squash	v. t. | fam.		
achatar	convince	v. t. | fam.		
achatar	humiliate	v. t. | fam.		
achatar	flatten	v. t. | Ant. | fr.		
achatar	squash	v. t. | Ant. | fr.		
achatar	convince	v. t. | Ant. | fr.		
achatar	humiliate	v. t. | Ant. | fr.		
achavascado	chafed	adj.		
achavascar	achascar	v. t.		
achega	contribution	f. | fam. | m. | Ant.		
achegadamente	approximately	adv.		
achegado	arrival	m. | Ant. | Cf. | rev.		
achegador	closer	m. | Prov. minh. | Ant.		
achegamento	approach	m.		
achegança	approach	f. | Ant.		
achegar	approach	v. | t. | Ant. | Cf. | rev.		
acheguilho	close	m. | prov.		
acheira	acheira	f. | prov. | Cf. | rev.		sem_traducao
achêmenes	aquemenes	lat.		
achênio	achenium	adj. | m. | as. | n. p. | al.		
achens	achens	m. pl. | Cf.		sem_traducao
acheronte	acheron	m. | lat.		
acheronteu	Acherontheus	adj.		
acherôntia	acherontia	f. | as.		sem_traducao
acherôntico	acherontic	adj.		
acheu	found	adj. | m. | pl. | lat.		
achibantado	achibantado	adj.		sem_traducao
achicar	achicar	v. i. | v. t.		sem_traducao
achicarar	to mock	v. t.		
achilária	backpack	f.		
achilia	achilia	f. | gr.		sem_traducao
achilleas	achilleas	f. | pl.		sem_traducao
achilleia	achilleia	f. | gr.		sem_traducao
achilleico	achilleico	adj.		sem_traducao
achilleja	achilleja	f.		sem_traducao
achim	achim	m.		sem_traducao
achim	achim	m.		sem_traducao
achinar	achinar	v. t.		sem_traducao
achinar	achinar	v. t. | Prov. trasm.		sem_traducao
achincalhação	mockery	f.		
achincalhamento	mockery	m.		
achincalhar	to ridicule	v. t.		
achincalhe	mockery	m.		
achincalho	mockery	m.		
achinelado	slippered	adj.		
achinelar	to slipper	v. t.		
achinesar	to Chinese	v. t.		
achiota	achiote	f.		
achiote	achiote	m.		sem_traducao
achiria	achiria	f. | Terat. | gr.	termo_tecnico_cientifico:Terat.	sem_traducao
achiro	achiro	m. | gr.		sem_traducao
achivo	archive	m. e adj. | lat.		
achlamídeas	achlamydes	adj. | f. | pl. | Bot. | gr.	termo_tecnico_cientifico:Bot.	
achlâmydas	Chlamydia	adj. | f. | pl. | gr.		
achnantho	achnantho	m. | gr.		sem_traducao
acho	I think	suf.		
achoar	find	v. t. | Marn. | prov.		
acholia	acholia	f. | Med. | gr.	termo_tecnico_cientifico:Med.	sem_traducao
achonaris	achonaris	m. pl.		sem_traducao
achores	anchors	m. pl. | gr.		
achromasia	achromasia	f. | gr.		sem_traducao
achromático	achromatic	adj. | as. | gr.		
achromatina	achromatin	f. | qual. | gr.		
achromatismo	achromatism	m.		
achromatização	achromatization	f.		
achromatizar	achromatize	v. t. | as.		
achromatopsia	achromatopsia	f. | as. | gr.		sem_traducao
achromatóptico	achromatopptic	adj.		
achromia	achromia	f. | Med. | gr.	termo_tecnico_cientifico:Med.	sem_traducao
achromo	achromo	adj. | gr.		sem_traducao
achromodermia	achromoderma	f.		
achromolena	achromolena	f. | gr.		sem_traducao
achtheographia	achtheographia	f. | gr.		sem_traducao
achtheómetro	achtheómetro	m. | as. | gr.		sem_traducao
achumaço	achumaço	m. | Prov. alent.		sem_traducao
achumbar	achumbar	v. t.		sem_traducao
achyrantho	achyrantho	m. | gr.		sem_traducao
achyrastro	achyrastro	m. | gr.		sem_traducao
achyróphoro	achyrophoro	m. | gr.		sem_traducao
achyróphyto	achyrophyte	adj. | gr.		
achyrospermo	achyrospermo	gr.		sem_traducao
aciano	aciano	m.		sem_traducao
acianoblepsia	acyanoblepsia	f. | Med. | gr.	termo_tecnico_cientifico:Med.	
aciantho	aciantho	m. | gr.		sem_traducao
acianto	asbestos	m. | gr.		
acicalar	acicular	v. t. | V.		
acicárfio	acicárfio	m. | gr.		sem_traducao
acicárphio	acicárphio	m. | gr.		sem_traducao
acicate	goad	m. | ﬁg. | ár.		
acíclico	acyclic	adj. | Bot. | as. | gr.	termo_tecnico_cientifico:Bot.	
acicoca	acicoca	f.		sem_traducao
acícula	needles	f. | as. | lat.		
aciculado	circular	adj.		
acicular	acicular	adj.		sem_traducao
acidação	acidification	f.		
acidade	city	f. | V.		
acidália	acidalia	f. | lat. | n. p.		sem_traducao
acidante	accident	adj.		
acidar	acid	v. t.		
acidável	acidable	adj.		
acidentação	accident	f.		
acidentado	injured	adj.		
acidentado	rugged	adj.		
acidentado	bumpy	adj.		
acidentado	rough	adj.		
acidentado	hilly	adj.		
acidentado	ridged	adj.		
acidentado	rangy	adj.		
acidentado	waggly	adj.		
acidentado	ridgy	adj.		
acidentado	up-and-down	adj.		
acidental	accidental	adj. | Mús.		
acidental	incidental	adj. | Mús.		
acidental	adventitious	adj. | Mús.		
acidental	casual	adj. | Mús.		
acidental	chance	adj. | Mús.		
acidental	haphazard	adj. | Mús.		
acidental	occasional	adj. | Mús.		
acidental	contingent	adj. | Mús.		
acidental	undesigned	adj. | Mús.		
acidental	odd	adj. | Mús.		
acidental	sporadic	adj. | Mús.		
acidentalmente	accidentally	adv.		
acidentalmente	occasionally	adv.		
acidentar	accident	v. t. | Prov. trasm.		
acidentar	crash	v. t. | Prov. trasm.		
acidentariamente	accidentally	adv.		
acidentário	accident	adj.		
acidentável	accidental	adj.		
acidente	accident	m. | pop. | lat.		
acidente	incident	m. | pop. | lat.		
acidente	casualty	m. | pop. | lat.		
acidente	mishap	m. | pop. | lat.		
acidente	accidental	m. | pop. | lat.		
acidente	chance	m. | pop. | lat.		
acidente	hit	m. | pop. | lat.		
acidente	smash	m. | pop. | lat.		
acidez	acidity	f.		
acidez	acidness	f.		
acidez	verjuice	f.		
acidífero	acidic	adj. | lat.		
acidificação	acidification	f.		
acidificante	acidifier	adj.		
acidificar	acidify	v. t. | lat.		
acidificar	acidize	v. t. | lat.		
acidificável	acidifiable	adj.		
acidimetria	acidimetry	f.		
acidímetro	acidimeter	m. | num. | gr.		
ácido	acid	m. | Adj. | pl. | lat.		
ácido	sour	m. | Adj. | pl. | lat.		
ácido	tart	m. | Adj. | pl. | lat.		
ácido	sharp	m. | Adj. | pl. | lat.		
ácido	austere	m. | Adj. | pl. | lat.		
acidopirástica	acidpyractic	f. | Med.	termo_tecnico_cientifico:Med.	
acidose	acidosis	f. | Med.	termo_tecnico_cientifico:Med.	
acidotão	acid	m. | gr.		
acidrado	acidified	adj.		
acidulacão	acidification	f. | Cf.		
acidulante	acidulant	adj.		
acidular	acidular	v. t.		sem_traducao
acidular	acidulate	v. t.		
acidular	acidify	v. t.		
acídulo	acidulus	adj. | lat.		
acídulo	acidulated	adj. | lat.		
aciganar-se	to become a gypsy	v. p.		
acima	above	adj. | Cp.		
acima	up	adj. | Cp.		
acima	over	adj. | Cp.		
acima	upward	adj. | Cp.		
acimar	above	v. t. | Ant.		
acimento	cement	m. | des. | Cp.		
acinace	acinace	m. | lat.		sem_traducao
acináceo	acinaceous	m. | gr.		
acinaciforme	acinaciform	adj. | lat.		
acincho	acincho	m. | Prov. beir.		sem_traducao
acinesia	akinesia	f. | gr.		
acinésico	akinetic	adj.		
acineta	acineta	f. | gr.		sem_traducao
acinético	akinetic	adj. | Med. | gr.	termo_tecnico_cientifico:Med.	
acinetinas	akinetins	f. | pl.		
acingir	reach	v. | t. | des. | Cf. | fr. | lat.		
acinia	acinia	f. | gr.		sem_traducao
ácino	acinus	m. | lat.		
acinóforo	acinophore	m. | gr.		
acinóphoro	acynophore	m. | gr.		
acinopo	acinopo	m. | gr.		sem_traducao
acinte	affront	m. | Adv.		
acinte	provocation	m. | Adv.		
acinte	deliberately	m. | Adv.		
acintemente	blatantly	adv.		
acíntli	acíntli	f.		sem_traducao
acintosamente	blatantly	adv.		
acintosamente	on purpose	adv.		
acintoso	outrageous	adj.		
acinzado	grayish	adj.		
acinzador	ash	m.		
acinzamento	graying	m.		
acinzar	turn gray	v. t.		
acinzeirado	ashen	adj.		
acinzelar	chiseling	v. t. | der.		
acinzentado	grayish	adj. | Cf.		
acinzentado	greyish	adj. | Cf.		
acinzentado	grizzly	adj. | Cf.		
acinzentar	turn gray	v. t.		
aciôa	aciôa	f.		sem_traducao
acioto	acioto	m. | gr.		sem_traducao
acipipe	acipipe	m. | V.		sem_traducao
acipitrário	acipitary	m. | lat.		
acípitres	acipitres	m. pl. | lat.		sem_traducao
acipitrianos	Acipitrians	m. pl. | lat.		
acipitrídeos	accipitrids	m. pl. | lat. | gr.		
acipitrino	acipitrin	adj. | lat.		
aciprestal	aciprestal	m. | Cf.		sem_traducao
acipreste	cypress	m.		
acipreste	cypress	m. | corr. | pop.		
acirandar	acirandar	v. t.		sem_traducao
acirologia	acirology	f. | gr.		
acirológico	acirological	adj.		
acirrado	heated	adj.		
acirrante	intensifying	adj. | m. | Cf.		
acirrar	intensify	v. t.		
acisantero	acisantero	m. | gr.		sem_traducao
acisanthero	acisanthero	m. | gr.		sem_traducao
acisba	acisba	m.		sem_traducao
aciselar	aciselar	v. | t. | Gal.		sem_traducao
acisia	acisia	f. | gr.		sem_traducao
acistia	acistia	f. | gr.		sem_traducao
acistinervia	acistinervia	f. | gr.		sem_traducao
acisturotrofia	acisturotrophy	f. | gr.		
acitara	acitara	f. | Ant.		sem_traducao
acitários	acitic	m. pl.		
acizentar	to gray	v. t. | Prov. trasm.		
aclamação	acclaim	f. | lat.		
aclamação	acclamation	f. | lat.		
aclamação	applause	f. | lat.		
aclamação	hail	f. | lat.		
aclamação	plaudit	f. | lat.		
aclamação	volley	f. | lat.		
aclamador	acclaimed	m.		
aclamador	acclaimer	m.		
aclamar	acclaim	v. t. | lat.		
aclamar	hail	v. t. | lat.		
aclamar	applaud	v. t. | lat.		
aclâmidas	aclamidas	adj. | f. | pl. | gr.		sem_traducao
aclamídeas	achlamydes	adj. | f. | pl. | Bot. | gr.	termo_tecnico_cientifico:Bot.	
aclaração	clarification	f.		
aclaradamente	clearly	adv.		
aclaramento	lightening	m. | V.		
aclarar	clarify	v. t. | v. i. | lat.		
aclarar	clear up	v. t. | v. i. | lat.		
aclarar	interpret	v. t. | v. i. | lat.		
aclarar	resolve	v. t. | v. i. | lat.		
aclavado	aclavado	adj. | Bot. | Cf. | lat.	termo_tecnico_cientifico:Bot.	sem_traducao
acleia	acleia	f.		sem_traducao
aclerizar-se	to become aclerized	v. p.		
aclésia	aclesia	f.		sem_traducao
aclia	aclia	f.		sem_traducao
áclide	Aclide	f. | lat.		sem_traducao
aclimação	acclimation	f.		
aclimação	acclimatization	f.		
aclimação	acclimate	f.		
aclimamento	acclimatization	m.		
aclimar	acclimate	v. t. | ﬁg.		
aclimar	acclimatize	v. t. | ﬁg.		
aclimatação	acclimatization	f.		
aclimatação	acclimation	f.		
aclimatação	acclimate	f.		
aclimatação	naturalization	f.		
aclimatação	domestication	f.		
aclimatar	acclimate	v. t. | Cf.		
aclimatar	acclimatize	v. t. | Cf.		
aclimatar	domesticate	v. t. | Cf.		
aclimatar	naturalize	v. t. | Cf.		
aclimatizar	acclimatize	v. | t. | Cf. | p.		
aclimatizar	acclimate	v. | t. | Cf. | p.		
aclive	uphill	m. | Adj. | lat.		
aclive	slope	m. | Adj. | lat.		
aclive	incline	m. | Adj. | lat.		
aclive	acclivity	m. | Adj. | lat.		
aclive	acclivitous	m. | Adj. | lat.		
aclopo	aclopo	m. | gr.		sem_traducao
acmadena	acmadena	f. | gr.		sem_traducao
acmástica	acumástica	adj. | f. | gr.		
acme	acme	m. | Med. | gr.	termo_tecnico_cientifico:Med.	sem_traducao
acmela	acmela	f. | gr.		sem_traducao
acmeodoro	acmeodoro	m. | gr.		sem_traducao
acmócero	acmócero	m. | gr.		sem_traducao
acna	acne	f. | lat.		
acnanto	acananthus	m. | gr.		
acne	acne	f. | Med. | gr.	termo_tecnico_cientifico:Med.	sem_traducao
acne-caparrosa	acne-caparrosa	f.		sem_traducao
acne-mentagra	acne-mentagra	f.		sem_traducao
acne-rosácea	acne-rosacea	f.		sem_traducao
acnéfalo	headless	m. | gr.		
acnéphalo	Acnephalo	m. | gr.		sem_traducao
acnisto	acnisto	m. | fam. | gr.		sem_traducao
acnite	Acnite	f. | Med.	termo_tecnico_cientifico:Med.	sem_traducao
aço	steel	suf.		
acoanhar	to accompany	v. t. | Prov. alg.		
açobar	açobar	v. t. | Prov. trasm.		sem_traducao
acobardadamente	cowardly	adv.		
acobardado	cowardly	adj.		
acobardamento	cowardice	m.		
acobardar	to cower	v. t.		
acobertar	cover up	v. t.		
acobilhar	to hide	v. t. | V.		
acobreação	copper plating	f.		
acobreado	coppery	adj.		
acobrear	copper	v. t.		
acocéfalo	acocephalus	m. | gr.		
acocéphalo	acocephalus	m. | gr.		
acochar	tighten	v. | t. | Bras.		
acochichar	whisper	v. t. | prov.		
acóchlidos	acochlids	m. pl. | gr.		
acocho	cushion	m. | Bras.		
acóclidos	acoclids	m. pl. | gr.		
acocoradamente	squatting	adv.		
acocoramento	squatting	m.		
acocoramento	squat	m.		
acocorar	squat	v. t. | as. | V. | p. | ﬁg.		
açodadamente	hastily	adv.		
açodado	hasty	adj.		
açodamento	haste	m.		
açodar	to hasten	v. t.		
açofaifa	steelfaifa	f. | Cf. | vb.		
açôfar	açôfar	m. | Ant.		sem_traducao
açofeifa	açofeifa	f. | ár.		sem_traducao
açofeifeira	steel market	f.		
acognosia	acognosia	f.		sem_traducao
acogombrado	corrugated	adj. | Ant.		
acoguladamente	coguledly	adv.		
acogulado	acogulated	adj.		
acoguladura	acoguladura	f.		sem_traducao
acogular	acogular	v. t.		sem_traducao
açoiabá	açoiabá	m. | Bras.		sem_traducao
acoimador	acoimador	m.		sem_traducao
acoimamento	fine	m.		
acoimar	fine	v. t.		
acoirelado	acoirelado	adj.		sem_traducao
acoirelamento	acoirelamento	m. | Ant.		sem_traducao
acoirelar	acoirelar	v. t.		sem_traducao
acoitadar	to hide	v. t. | Prov. trasm.		
açoitadiço	whipped	adj.		
acoitador	harborer	m.		
acoitadura	acoitadura	f. | Ant.		sem_traducao
acoitamento	shelter	m.		
açoitar	whip	v. t.		
açoitar	lash	v. t.		
açoitar	flog	v. t.		
açoitar	swish	v. t.		
açoitar	thrash	v. t.		
açoitar	leather	v. t.		
açoitar	flap	v. t.		
açoitar	horsewhip	v. t.		
açoitar	trounce	v. t.		
açoitar	swinge	v. t.		
açoitar	quirt	v. t.		
açoite	scourge	m. | fam. | ár.		
açoite	whip	m. | fam. | ár.		
açoite	lash	m. | fam. | ár.		
açoite	quirt	m. | fam. | ár.		
açoite	tawse	m. | fam. | ár.		
açoiteiras	whippers	f. pl. | Bras. | S.		
acoiteza	whip	f. | Ant.		
acoito	shelter	m. | Cf.		
acolá	there	adv. | lat.		
acolá	yonder	adv. | lat.		
acolá	yonder	adv. | lat.		
acolá	yon	adv. | lat.		
acolá	beyond	adv. | lat.		
acolasto	acolasto	m. | gr.		sem_traducao
acólcetra	acólcetra	f. | Ant. | lat.		sem_traducao
acolchetador	quilter	m.		
acolchetamento	cushioning	m.		
acolchetar	cushion	v. t.		
acolchetar	hook	v. t.		
acolchoadeira	quilter	f.		
acolchoadinho	padded	m. | des.		
acolchoador	quilter	m.		
acolchoamento	padding	m.		
acolchoamento	wadding	m.		
acolchoamento	upholstery	m.		
acolchoar	padding	v. t.		
acolchoar	pad	v. t.		
acolchoar	quilt	v. t.		
acolchoar	bolster	v. t.		
acolchoar	stuff	v. t.		
acolchoar	upholster	v. t.		
acoleijos	acoleijos	m. | pop. | Ant. | Cf. | Med.	termo_tecnico_cientifico:Med.	sem_traducao
acolhedor	welcoming	m. e adj.		
acolhedor	cozy	m. e adj.		
acolhedor	inviting	m. e adj.		
acolhedor	hospitable	m. e adj.		
acolhedor	xenial	m. e adj.		
acolhedor	cosy	m. e adj.		
acolheita	harvest	f. | Prov. trasm.		
acolheitar	welcome	v. t. | Cf.		
acolhença	welcoming	f. | des. | Cf. | ed.		
acolher	welcome	v. t.		
acolher	receive	v. t.		
acolher	accept	v. t.		
acolher	shelter	v. t.		
acolher	admit	v. t.		
acolher	entertain	v. t.		
acolher	harbor	v. t.		
acolher	salute	v. t.		
acolherar	welcome	v. t. | Bras. | S.		
acolhida	welcome	f.		
acolhida	reception	f.		
acolhida	refuge	f.		
acolhido	welcomed	adj. | Ant.		
acolhido	welcome	adj. | Ant.		
acolhimento	welcoming	m.		
acolhimento	reception	m.		
acolhimento	welcome	m.		
acolhimento	greeting	m.		
acolhimento	refuge	m.		
acolho	I welcome	m. | Bras.		
acolia	acholia	f. | Med. | gr.	termo_tecnico_cientifico:Med.	
acolim	acolim	m.		sem_traducao
acolitado *	acolyte *	m.		
acolitar	acolyte	v. t.		
acólito	acolyte	m. | lat.		
acologia	ecology	f. | Med. | gr.	termo_tecnico_cientifico:Med.	
acolytado *	acolyte *	m.		
acolytar	acolyte	v. t.		
acólyto	acolyte	m. | lat.		
acomadrar-se	to settle in	v. p.		
acomás	acomás	m.		sem_traducao
acometedor	aggressor	m. e adj.		
acometer	attack	v. t. | v. i.		
acometer	fly at	v. t. | v. i.		
acometida	afflicted	f.		
acometimento	affliction	m.		
acometível	accidentable	adj.		
acomia	acomia	f. | gr.		sem_traducao
acommetedor	escort	m. e adj.		
acommeter	to commit	v. | t. | v. i.		
acommetida	attacked	f.		
acommetimento	commitment	m.		
acommetível	edible	adj.		
acomodação	accommodation	f.		
acomodação	adaptation	f.		
acomodadamente	comfortably	adv.		
acomodadiço	comfortable	adj.		
acomodamento	accommodation	m. | V.		
acomodar	accommodate	v. | t. | lat.		
acomodar	settle	v. | t. | lat.		
acomodar	adapt	v. | t. | lat.		
acomodar	arrange	v. | t. | lat.		
acomodar	berth	v. | t. | lat.		
acomodar	have room for	v. | t. | lat.		
acomodar	compose	v. | t. | lat.		
acomodar	have space for	v. | t. | lat.		
acomodar	contain	v. | t. | lat.		
acomodar	attemper	v. | t. | lat.		
acomodatício	accommodative	adj.		
acomodatício	accommodating	adj.		
acomodatício	supple	adj.		
acomodável	accommodating	adj.		
acômodo	comfortable	adj. | Ant.		
acompadrado	accompanied	m. | des.		
acompadrar	to accompany	v. t.		
acompanhadeira	companion	f.		
acompanhador	companion	m.		
acompanhador	accompanist	m.		
acompanhamento	follow-up	m.		
acompanhamento	accompaniment	m.		
acompanhamento	attendance	m.		
acompanhamento	escort	m.		
acompanhamento	side dish	m.		
acompanhamento	retinue	m.		
acompanhamento	concomitant	m.		
acompanhamento	garnish	m.		
acompanhamento	procession	m.		
acompanhante	companion	adj.		
acompanhante	accompanying	adj.		
acompanhar	to accompany	v. t.		
acompanhar	follow	v. t.		
acompanhar	accompany	v. t.		
acompanhar	keep up with	v. t.		
acompanhar	escort	v. t.		
acompanhar	go along with	v. t.		
acompanhar	go along	v. t.		
acompanhar	take	v. t.		
acompanhar	carry	v. t.		
acompanhar	companion	v. t.		
acompanhar	chaperon	v. t.		
acompanhar	mark	v. t.		
acompanhar	pilot	v. t.		
acompanhar	squire	v. t.		
acompanhar	coddle	v. t.		
acompanhar	walk one up	v. t.		
acompanhar	consort	v. t.		
acompanhar	marshal	v. t.		
acompanhar	see	v. t.		
acompleicionado	accompicicionado	adj.		
acompleiçoado	complexed	adj.		
acomplexionado	complexed	adj.		
acompridar	to lengthen	v. t.		
acômpsia	acompsy	f. | gr.		
aconans	aconans	m. | pl.		sem_traducao
aconapar	aconapar	v. t. | Prov. beir. | as.		sem_traducao
aconchado	snug	adj.		
aconchavar	conspire	v. t. | Cf.		
aconchegado	cozy	adj.		
aconchegado	snug	adj.		
aconchegado	cosy	adj.		
aconchegar	snuggle	v. t. | der. | V.		
aconchegar	bring near	v. t. | der. | V.		
acondicionador	conditioner	m.		
acondicionamento	packaging	m.		
acondicionamento	stowage	m.		
acondicionamento	turn-out	m.		
acondicionar	pack	v. t. | mal.		
acondicionar	condition	v. t. | mal.		
acondicionar	stow	v. t. | mal.		
acondicionar	wrap	v. t. | mal.		
acondicionar	put up	v. t. | mal.		
acondicionável	packable	adj.		
acondiçoar	to condition	v. t.		
acôndilo	condyle	m. | Anat. | gr.	termo_tecnico_cientifico:Anat.	
acondimentar	pack	v. t. | Cf.		
acôndylo	acondylo	m. | Anat. | gr.	termo_tecnico_cientifico:Anat.	sem_traducao
aconeína	aconeine	f.		
aconfeitar	baking	v. t.		
aconfradar	to join	v. t.		
aconhecer	to get to know	v. t.		
aconina	aconine	f.		
aconitato	aconitato	m. | Sal.		sem_traducao
aconitela	aconitella	f.		
aconítico	aconitic	adj.		
aconitina	aconitine	f.		
acónito	aconite	m. | fam. | lat.		
aconselhadamente	advised	adj.		
aconselhador	advisor	m. | lat.		
aconselhar	advise	v. t.		
aconselhar	counsel	v. t.		
aconselhar	recommend	v. t.		
aconselhar	give advice	v. t.		
aconselhar	guide	v. t.		
aconselhar	direct	v. t.		
aconselhar	persuade	v. t.		
aconselhar	rede	v. t.		
aconsoantar	advise	v. t. | Cf.		
acontecedeiro	happening	adj. | freq.		
acontecer	to happen	v. | p. | Ant. | sign. | Cf. | rev.		
acontecer	happen	v. | p. | Ant. | sign. | Cf. | rev.		
acontecer	occur	v. | p. | Ant. | sign. | Cf. | rev.		
acontecer	take place	v. | p. | Ant. | sign. | Cf. | rev.		
acontecer	come	v. | p. | Ant. | sign. | Cf. | rev.		
acontecer	befall	v. | p. | Ant. | sign. | Cf. | rev.		
acontecer	ensue	v. | p. | Ant. | sign. | Cf. | rev.		
acontecer	transpire	v. | p. | Ant. | sign. | Cf. | rev.		
acontecer	chance	v. | p. | Ant. | sign. | Cf. | rev.		
acontecer	become of	v. | p. | Ant. | sign. | Cf. | rev.		
acontecer	eventuate	v. | p. | Ant. | sign. | Cf. | rev.		
acontecer	betide	v. | p. | Ant. | sign. | Cf. | rev.		
acontecer	fare	v. | p. | Ant. | sign. | Cf. | rev.		
acontecer	intervene	v. | p. | Ant. | sign. | Cf. | rev.		
acontecer	cut in	v. | p. | Ant. | sign. | Cf. | rev.		
acontecimento	event	m. | Cf.		
acontecimento	happening	m. | Cf.		
acontecimento	occurrence	m. | Cf.		
acontecimento	fact	m. | Cf.		
acontecimento	case	m. | Cf.		
acontecimento	accident	m. | Cf.		
acontecimento	knockout	m. | Cf.		
acontecimento	onrush	m. | Cf.		
acontecimento	page	m. | Cf.		
acontecimento	background	m. | Cf.		
acontecimento	after-clap	m. | Cf.		
acôntia	acontia	f. | gr.		sem_traducao
acontiado	happened	m. | Ant.		
acôntias	acontias	m. pl. | gr.		sem_traducao
acôntio	aconite	m. | gr.		
acontioso	event	adj. | Ant.		
acontista	acontista	m. | gr.		sem_traducao
acontraltado	contraltado	adj. | Mús. | ed.		
ácopo	cup	m. | gr.		
acoposo	acoposo	adj. | Ant.		sem_traducao
açor	Azores	m. | lat.		
açoramento	razing	m.		
acorão	Quran	m. | gr.		
açorar	Azorean	v. t. | Ant. | Açor.		
acorçoar	encourage	v. t. | Cf.		
acorcovar	to hunch over	v. t. | V.		
acorcundado	hunchbacked	adj.		
açorda	açorda	f. | ﬁg. | Gír. | ár.		sem_traducao
acordação	agreement	f. | Ant. | V.		
acordadamente	agreed	adv.		
acordam	wake up	m. | pess. | pl. | ind. | V.		
açordamento	waking	m.		
acordança	agreement	f.		
acordante	agreeing	adj.		
acórdão	judgment	m. | pess. | pl. | ind. | V.		
acordar	to wake up	v. t. | v. i. | V. | p. | des. | lat.		
acordar	wake up	v. t. | v. i. | V. | p. | des. | lat.		
acordar	wake	v. t. | v. i. | V. | p. | des. | lat.		
acordar	awaken	v. t. | v. i. | V. | p. | des. | lat.		
acordar	awake	v. t. | v. i. | V. | p. | des. | lat.		
acordar	waken	v. t. | v. i. | V. | p. | des. | lat.		
acordar	rouse	v. t. | v. i. | V. | p. | des. | lat.		
acorde	chord	m. | Adj.		
acorde	chorda	m. | Adj.		
acordeão	accordion	m.		
acordeão	concertina	m.		
acordemente	accordedly	adv.		
acordina	accordion	f. | as.		
acôrdo	agreement	m.		
acordoar	wake up	v. t. | V.		
açoreanismo	Azoreanism	m.		
açoreanista	Azorean	m.		
açoreano	Azorean	adj. | m.		
açorear	Azores	v. t. | der. | V.		
açoreiro	steelworker	m.		
açorenha	Azorean	f. | Açor.		
açorenho	Azorean	m. e adj. | p. us.		
acôres	Azores	m. pl. | gr.		
acori	acori	m.		sem_traducao
acória	acroria	f. | gr.		
açórico	Azorean	adj.		
acoríneas	acorines	f. pl. | fam.		
acório	acrorium	m.		
açorite	açorite	f. | n. p.		sem_traducao
acormóseo	acormoseum	adj. | gr.		
acornar	acornar	v. t.		sem_traducao
ácoro	acorus	m. | lat.		
acoroçoadamente	courageously	adv.		
acoroçoado	encouraged	adj.		
acoroçoador	encouraging	adj.		
acoroçoamento	encouragement	m.		
acoroçoar	encourage	v. t.		
acorredor	corridor	adj. | Cf.		
acorreitar	to harness	v. i. | Prov. trasm.		
acorrentamento	chaining	m.		
acorrentar	chain	v. t. | v. i. | Prov. trasm.		
acorrentar	fetter	v. t. | v. i. | Prov. trasm.		
acorrentar	enchain	v. t. | v. i. | Prov. trasm.		
acorrentar	chain up	v. t. | v. i. | Prov. trasm.		
acorrentar	enfetter	v. t. | v. i. | Prov. trasm.		
acorrentar	gyve	v. t. | v. i. | Prov. trasm.		
acorrer	run	v. i. | lat.		
acorrilhar	tether	v. t.		
acorrimento	runoff	m. | Ant.		
acorro	agreement	m.		
acortinamento	curtaining	m.		
acortinar	curtain	v. t.		
acoruchado	coruchado	adj.		
acosmia	acosmia	f. | gr.		sem_traducao
acosmo	acosmos	m. | gr.		
acossa	harass	f. | pop.		
acossadamente	harassed	adv.		
acossado	harassed	adj.		
acossamento	harassment	m.		
acossar	harass	v. t.		
acossar	corner	v. t.		
acossar	bedevil	v. t.		
acossar	persuade	v. t.		
acostadamente	leaning against	adv.		
acostado	leaning against	adj. | Ant. | m. | Cf. | Prov. alg.		
acostamento	shoulder	m. | Cf.		
acostamento	coasting	m. | Cf.		
acostamento	bracket	m. | Cf.		
acostamento	support	m. | Cf.		
acostar	pull over	v. t. | v. i. | Prov. trasm. | Ant.		
acostar	board	v. t. | v. i. | Prov. trasm. | Ant.		
acostar	accost	v. t. | v. i. | Prov. trasm. | Ant.		
acostar	lean against	v. t. | v. i. | Prov. trasm. | Ant.		
acostável	dockable	adj. | as.		
acostumadamente	accustomed	adv.		
acostumado	accustomed	adj.		
acostumado	used to	adj.		
acostumado	wont	adj.		
acostumar	get used to	v. t.		
acostumar	accustom	v. t.		
acostumar	familiarize	v. t.		
acostumar	inure	v. t.		
açoteia	rooftop	f. | Prov. alg. | Cp. | Ant. | ár.		
acothurnado	acothurnado	adj.		sem_traducao
acotiar	to whip	v. t.		
acotibóia	acotibóia	f.		sem_traducao
acoticar	acoticar	v. t.		sem_traducao
acotiledóneas	acotyledons	f. pl.		
acotiledóneo	acotyledon	adj.		
acotilédono	acotyledon	adj.		
acotoar	to whip	v. t.		
acotovelado	elbowed	adj. | Cf. | f.		
acotovelador	elbow	m.		
acotovelamento	elbowing	m.		
acotovelar	elbow	v. t.		
acotovelar	nudge	v. t.		
acotovelar	jostle	v. t.		
acotovelar	poke	v. t.		
acotovelar	hunch	v. t.		
acotovelar	hustle	v. t.		
acotovelar	crush	v. t.		
acoturnado	booted	adj.		
acotyledóneas	acotyledons	f. pl.		
acotyledóneo	acotyledon	adj.		
acotylédono	acotyledon	adj.		
açougada	butcher shop	f.		
açougagem	butcher shop	f. | Cf. | port. | des.		
açougaria	butcher shop	f.		
açougue	butcher's	m. | Ant. | Cf. | port. | Agr. | p. | ár. | as.		
açougue	butcher shop	m. | Ant. | Cf. | port. | Agr. | p. | ár. | as.		
açougue	butchery	m. | Ant. | Cf. | port. | Agr. | p. | ár. | as.		
açougue	slaughterhouse	m. | Ant. | Cf. | port. | Agr. | p. | ár. | as.		
açougue	shambles	m. | Ant. | Cf. | port. | Agr. | p. | ár. | as.		
açougueiro	butcher	m. | Bras.		
acourôa	acourôa	f.		sem_traducao
açoutador	butcher	m. e adj.		
açoutadura	whipping	f. | p. us.		
açoutar	to whip	v. t.		
açoute	whip	m. | fam. | ár.		
acovar	cower	v. t.		
acovilhar	to cuddle	v. t.		
acquiescência	acquiescence	f.		
acquiescêr	acquiesce	v. t. | lat.		
acquirente	acquirer	adj.		
acquirição	acquisition	f. | Ant.		
acquiridor	buyer	m.		
acquirimento	acquisition	m. | Ant.		
acquirir	acquire	v. t. | Ant.		
acquiritivo	acquiritive	adj.		
acquisição	acquisition	f.		
acquísito	acquisition	adj. | Cf. | lat.		
acquistar	buy	v. t. | Ant.		
acquisto	purchase	m. | des. | contr. | lat.		
acracia	acracy	f. | neol. | gr.		
acradênia	acradenia	f.		sem_traducao
acrania	acrania	f. | Cp.		sem_traducao
acranianos	acranial	m. pl. | Zool.	termo_tecnico_cientifico:Zool.	
acrânio	skull	Adj.		
acraniota	acraniota	m. e adj.		sem_traducao
acrantera	acrantera	f. | gr.		sem_traducao
acranthera	acranthera	f. | gr.		sem_traducao
acrantho	acranto	m. | gr.		
acranto	acranto	m. | gr.		sem_traducao
acrasia	akrasia	f. | Med. | gr.	termo_tecnico_cientifico:Med.	
acrata	acrat	m. | neol.		
acratera	crater	f. | gr.		
acrathera	acrathera	f. | gr.		sem_traducao
acrático	acratic	adj. | neol.		
acratóforo	acratophore	m. | gr.		
acratóphoro	acratophorus	m. | gr.		
acratópoto	akratopus	adj. | des. | gr. | lat.		
acravar	nail	v. | t. | ﬁg.		
acre	acre	m. | al.		sem_traducao
acre	acrid	m. | al.		
acre	sour	m. | al.		
acre	pungent	m. | al.		
acre	bitter	m. | al.		
acre	acid	m. | al.		
acre	tart	m. | al.		
acre	harsh	m. | al.		
acre	poignant	m. | al.		
acre	vinegary	m. | al.		
acre	mordacious	m. | al.		
acre	acre	adj. | lat.		sem_traducao
acre	acrid	adj. | lat.		
acre	sour	adj. | lat.		
acre	pungent	adj. | lat.		
acre	bitter	adj. | lat.		
acre	acid	adj. | lat.		
acre	tart	adj. | lat.		
acre	harsh	adj. | lat.		
acre	poignant	adj. | lat.		
acre	vinegary	adj. | lat.		
acre	mordacious	adj. | lat.		
acre-doce	bittersweet	m. e adj.		
acreditador	accreditor	m.		
acreditar	to believe	v. t. | v. i.		
acreditar	believe	v. t. | v. i.		
acreditar	think	v. t. | v. i.		
acreditar	accredit	v. t. | v. i.		
acreditar	credit	v. t. | v. i.		
acreditar	consider	v. t. | v. i.		
acreditar	deem	v. t. | v. i.		
acreditar	come to believe	v. t. | v. i.		
acreditar	take in	v. t. | v. i.		
acreditar	guarantee	v. t. | v. i.		
acreditar	trow	v. t. | v. i.		
acreditável	believable	adj.		
acreditável	credible	adj.		
acredor	creditor	m.		
acrejo	I believe	m. | Ant.		
acremente	increase	adv.		
acremente	acidly	adv.		
acremente	poignantly	adv.		
acrescentada	added	adj. | f. | prov.		
acrescentador	adder	m. e adj.		
acrescentamento	addition	m.		
acrescentamento	enlargement	m.		
acrescentar	add	v. t.		
acrescentar	append	v. t.		
acrescentar	increase	v. t.		
acrescentar	augment	v. t.		
acrescentar	tack	v. t.		
acrescentar	subjoin	v. t.		
acrescentar	affix	v. t.		
acrescentar	throw out	v. t.		
acrescentar	implement	v. t.		
acrescentar	eke	v. t.		
acrescente	add	m. | pop.		
acrescento	addition	m. | Cf.		
acrescer	add	v. i. | v. t. | lat.		
acrescido	added	m. | port.		
acrescimento	increase	m.		
acréscimo	addition	m.		
acréscimo	increase	m.		
acréscimo	extra	m.		
acréscimo	rise	m.		
acréscimo	accrual	m.		
acréscimo	augmentation	m.		
acréscimo	accession	m.		
acréscimo	prolongation	m.		
acréscimo	affix	m.		
acriançado	childish	adj.		
acriançado	infantile	adj.		
acriançar-se	to become a child	v. | p.		
acribologia	acribology	f. | gr.		
acribólogo	acribologist	m.		
acribómetro	stopwatch	m. | gr.		
acridão	acridity	f.		
acridez	acridity	f.		
acrídia	acridia	f. | gr.		sem_traducao
acridiano	Acridian	adj. | m. | pl.		
acrídio	acrididium	adj. | m. | pl.		
acridocarpo	acridocarpo	m. | gr.		sem_traducao
acridófago	acridophagous	m. | gr.		
acridogenose	acridogenosis	f. | gr.		
acridóphago	acridophagous	m. | gr.		
acridótero	acridotero	m. | gr.		sem_traducao
acrífico	acrylic	adj. | des. | Cf. | Anat.	termo_tecnico_cientifico:Anat.	
acrimancia	acrimancy	f. | Cf.		
acriminar	to discriminate	v. t.		
acrimónia	acrimony	f. | lat.		
acrimoniar	acrimonize	v. t.		
acrimonioso	acrimonious	adj.		
acrinia	acrinia	f. | Med. | gr.	termo_tecnico_cientifico:Med.	sem_traducao
acrisolado	refined	adj.		
acrisolador	refractor	m.		
acrisolamento	refinement	m. | Cf. | f.		
acrisolar	acrisolar	v. t.		sem_traducao
ácritos	acrites	m. pl. | gr.		
acritude	acrititude	f.		
acrivar	acrivar	v. t. | prov.		sem_traducao
acro	acro	adj.		sem_traducao
acróama	acroama	m. | gr.		sem_traducao
acroamático	acroamatic	adj. | gr.		
acroás	acroás	m. pl.		sem_traducao
acroático	acroatic	adj. | lat.		
acrobacia	stunt	f.		
acrobacia	acrobatics	f.		
acróbata	acrobat	m. | gr.		
acrobaticão	acrobatics	m. | gr.		
acrobático	acrobatic	adj.		
acrobatismo	acrobatics	m. | ﬁg. | Cf.		
acrobustite	acrobustite	f. | gr.		sem_traducao
acrocarpo	acrocarp	m. | gr.		
acrocefalia	acrocephaly	f.		
acrocéfalo	acrocephalus	adj. | gr.		
acrocephalia	acrocephaly	f.		
acrocéphalo	acrocephalus	adj. | gr.		
acrochado	acrochado	adj. | Prov. trasm.		sem_traducao
acrochar-se	to crouch	v. p. | Prov. trasm.		
acrocheta	crochet	gr.		
acrochirismo	acrochirismo	m. | gr.		sem_traducao
acrocino	acrocino	m. | gr.		sem_traducao
acroclado	acroclad	m.		
acrocómia	acrocomy	f.		
acrócomo	acromo	m. | gr.		
acrocórdio	acrocord	m. | gr.		
acrodinia	acrodynia	f. | gr.		
acrodynia	acrodynia	f. | gr.		sem_traducao
acrofobia	acrophobia	f. | gr.		
acróforo	acrophorus	m. | ár. | gr.		
acrogênias	acrogenias	f. pl. | gr.		sem_traducao
acroleato	acroleate	m. | Sal.		
acroleico	acroleic	adj.		
acroleína	acrolein	f.		
acrolínio	acrolin	m.		
acrólitho	acrolith	m. | gr.		
acrólito	acrolite	m. | gr.		
acrólofo	acrolophe	m. | gr.		
acrologia	acrology	f. | gr.		
acrológico	acrological	adj.		
acrólopho	acropolis	m. | gr.		
acromania	acromania	f. | gr.		sem_traducao
acromasia	achromasia	f. | gr.		
acromático	achromatic	adj. | as. | gr.		
acromatina	achromatin	f. | qual. | gr.		
acromatismo	achromatism	m.		
acromatizaçao	achromatization	f.		
acromatizar	achromatize	v. t. | as.		
acromatopsía	achromatopsia	f. | as. | gr.		
acromatóptico	achromatopptic	adj.		
acromegalia	acromegaly	f. | Med. | gr.	termo_tecnico_cientifico:Med.	
acromelalgia	acromelalgia	f. | Med. | gr.	termo_tecnico_cientifico:Med.	sem_traducao
acromia	achromia	f. | Med. | gr.	termo_tecnico_cientifico:Med.	
acromial	acromial	adj.		sem_traducao
acrómio	acromio	m. | lat.		sem_traducao
acromo	achrome	adj. | gr.		
acromodermia	acromoderma	f.		
acromolena	acromolena	f. | gr.		sem_traducao
acromphálio	acromphalius	m. | Anat. | gr.	termo_tecnico_cientifico:Anat.	
acroneurose	acroneurosis	f. | Med. | gr.	termo_tecnico_cientifico:Med.	
acronfálio	acronym	m. | Anat. | gr.	termo_tecnico_cientifico:Anat.	
acrónico	acronym	adj. | gr.		
ácrono	achronous	m.		
acrónyco	acronym	adj. | gr.		
acropathia	acropathia	f. | gr.		sem_traducao
acropatia	acropathy	f. | gr.		
acrophobia	acrophobia	f. | gr.		sem_traducao
acróphoro	acrophorus	m. | ár. | gr.		
acropódio	acropodium	m. | lat.		
acrópole	acropolis	f. | gr.		
acropólio	acropoly	m. | Ant.		
acropostite	acroposthitis	f. | Med. | gr.	termo_tecnico_cientifico:Med.	
acroquetas	acroquetas	gr.		sem_traducao
acroquirismo	acroquirismo	m. | gr.		sem_traducao
acrosofia	acrosophia	f. | gr.		
acrosophia	acrosophia	f. | gr.		sem_traducao
acrospermo	acrosperm	m. | gr.		
acróstico	acrostic	m. | gr.		
acrostólio	acrostolium	m. | gr.		
acrotério	acroterion	m. | lat.		
acroteriose	acroteriosis	f.		
acrotismo	acrotism	m. | Cp. | lat.		
acrotóforo	acrotophore	m. | gr.		
acrotomia	acrotomy	f. | Cir. | gr.	termo_tecnico_cientifico:Cir.	
acrótomo	acrotome	adj. | Miner. | gr.	termo_tecnico_cientifico:Miner.	
acrotóphoro	acrotophorus	m. | gr.		
acta	minutes	f. | lat.		
acteáceas	Actaaceae	f. pl. | lat.		
acteão	action	m.		
actébia	Actebia	f. | gr.		sem_traducao
actéfila	actéfila	f. | gr.		sem_traducao
acteia	Acteia	f. | gr.		sem_traducao
actenista	Actenist	f. | gr.		
acteografia	actography	f. | gr.		
acteómetro	actometer	m. | as. | gr.		
actéphila	actéphila	f. | gr.		sem_traducao
áctia	lactia	f. | gr.		
actigeia	Actigea	f. | gr.		
actinanta	actinanta	f. | gr.		sem_traducao
actinantha	actinantha	f. | gr.		sem_traducao
actineia	actinia	f. | fam. | rad. | gr.		
actinéria	Actineria	f. | fam. | rad. | gr.		sem_traducao
actínia	actinia	f. | gr.		sem_traducao
actínia	sea anemone	f. | gr.		
actinianos	Actinians	m. pl.		
actínico	actinic	adj. | Cp.		
actinimorfo	actinimorph	adj. | gr.		
actinimorpho	actinimorpho	adj. | gr.		sem_traducao
actínio	actinium	m.		
actinismo	actinism	m. | gr.		
actino	actin	m. | gr.		
actinobolismo	actinobolism	m.		
actinóbolo	actinobolus	m.		
actinocarpo	actinocarp	m. | gr.		
actinocéfalo	actinocephalus	m.		
actinocéphalo	actinocephalus	m.		
actinodafno	actinodaphno	m.		
actinodaphno	actinodaphno	m.		sem_traducao
actinodendro	actinodendron	m.		
actinodermo	actinoderm	m. | gr.		
actínodo	actinode	m.		
actinóforo	actinophore	m. | gr.		
actinogênico	actinogenic	adj. | Cf. | gr.		
actinoide	actinoid	adj.		
actinólitho	actinolith	m. | Miner. | gr.	termo_tecnico_cientifico:Miner.	
actinólito	actinolite	m. | Miner. | gr.	termo_tecnico_cientifico:Miner.	
actinologia	actinology	f. | gr.		
actinológico	actinological	adj.		
actinomancía	actinomancy	f. | gr.		
actinometria	actinometry	f.		
actinómetro	actinometer	m. | gr.		
actinomiceto	actinomycete	m. | gr.		
actinomicose	actinomycosis	f. | Med.	termo_tecnico_cientifico:Med.	
actinomórfico	actinomorph	adj. | Bot. | gr.	termo_tecnico_cientifico:Bot.	
actinomórphico	actinomorphic	adj. | Bot. | gr.	termo_tecnico_cientifico:Bot.	
actinomyceto	actinomycetes	m. | gr.		
actinomycose	actinomycosis	f. | Med.	termo_tecnico_cientifico:Med.	
actinóphoro	actinophore	m. | gr.		
actinospira	Actinospira	f.		sem_traducao
actinóstemo	actinostemus	m.		
actinóstomo	actinostome	adj. | gr.		
actinoto	actinote	m. | Miner. | gr.	termo_tecnico_cientifico:Miner.	
activa	active	f.		
activamente	actively	adv.		
activar	activate	v. t.		
actividade	activity	f. | lat.		
activo	active	adj. | Gram. | lat.		
acto	act	m. | lat.		
actol	actol	m.		sem_traducao
actor	actor	m. | lat.		sem_traducao
actriz	actress	f. | fem.		
actuação	performance	f.		
actual	current	adj. | lat.		
actualidade	current events	f.		
actualizar	update	v. t.		
actualmente	currently	adv.		
actuante	active	adj.		
actuar	act	v. i.		
actuário	actuary	m. | as. | lat.		
actuável	feasible	adj.		
actuosamente	actively	adv.		
actuoso	actuo	adj. | lat.		
açu	açu	m. | Bras.		sem_traducao
acuação	accusation	f. | Bras.		
acuador	cornerer	adj. | Bras.		
acuamênto	accusation	m.		
acuar	corner	v. i. | as. | V. | p. | sign. | v. t. | Bras.		
acuar	bay	v. i. | as. | V. | p. | sign. | v. t. | Bras.		
acubito	acubitus	m. | lat.		
acubitor	acubitor	m. | Ant. | Cf. | diccion. | lat.		sem_traducao
açúcar	sugar	m. | ﬁg. | ár.		
açucaradamente	sweetly	adv.		
açucarado	sugary	adj. | ﬁg.		
açucarado	luscious	adj. | ﬁg.		
açucarar	sugar	v. t. | ﬁg.		
açucarar	sweeten	v. t. | ﬁg.		
açucareiro	sugar bowl	adj. | m.		
açucareiro	sugar basin	adj. | m.		
açucena	lily	f. | Bras. | ár.		
açucenal	lily	m.		
açucre	sugar	m.		
açuçuapara	açuçuapara	f. | Bras. | Cf.		sem_traducao
acucular	accumulate	v. t. | V.		
açuda	dam	f. | Prov. trasm.		
açudada	dam	f.		
açude	dam	m. | Prov. beir. | ár.		
açude	weir	m. | Prov. beir. | ár.		
açude	dike	m. | Prov. beir. | ár.		
açude	water reservoir	m. | Prov. beir. | ár.		
açude	penstock	m. | Prov. beir. | ár.		
açude	dyke	m. | Prov. beir. | ár.		
açude	mill-dam	m. | Prov. beir. | ár.		
acudidor	helper	adj. | Cf.		
acudimento	assistance	m. | Cf.		
acudir	to come to the aid of	v. i.		
acudir	help	v. i.		
acudir	respond	v. i.		
acudir	aid	v. i.		
acudir	reply	v. i.		
acudir	run to	v. i.		
acuera	acuera	m., f. e adj. | Bras. | n.		sem_traducao
açugar	sugar	v. t. | t.		
acuidade	acuity	f. | rad. | lat.		
acuidade	perceptiveness	f. | rad. | lat.		
acuidade	exercise	f. | rad. | lat.		
acuitar	shelter	v. t. | Ant.		
acujar	acujar	v. i. | Ant.		sem_traducao
açulador	inciter	m.		
açulamento	incitement	m.		
açular	stimulate	v. t. | ár.		
açular	incite	v. t. | ár.		
aculear	aculear	v. t.		sem_traducao
aculeiforme	aculeiform	adj. | lat.		
acúleo	thorn	m. | as. | lat.		
acumbente	accumbent	adj. | lat.		
acume	acumen	m. | lat.		
acúmetro	acumeter	m. | gr.		
acuminação	acumination	f. | Geom. | Cf. | Phýs.	termo_tecnico_cientifico:Geom.	
acuminar	acuminate	v. t. | lat.		
acumulação	accumulation	f. | lat.		
acumulação	cumulation	f. | lat.		
acumulação	build-up	f. | lat.		
acumulação	hoarding	f. | lat.		
acumulação	heap	f. | lat.		
acumulação	jamming	f. | lat.		
acumulação	congeries	f. | lat.		
acumuladamente	cumulatively	adv.		
acumulador	accumulator	m. e adj. | Phýs.	termo_tecnico_cientifico:Phýs.	
acumulador	accumulating	m. e adj. | Phýs.	termo_tecnico_cientifico:Phýs.	
acumulamento	accumulation	m. | V.		
acumular	accumulate	v. t. | V. | p. | ﬁg. | lat.		
acumular	build up	v. t. | V. | p. | ﬁg. | lat.		
acumular	collect	v. t. | V. | p. | ﬁg. | lat.		
acumular	amass	v. t. | V. | p. | ﬁg. | lat.		
acumular	pile up	v. t. | V. | p. | ﬁg. | lat.		
acumular	cumulate	v. t. | V. | p. | ﬁg. | lat.		
acumular	combine	v. t. | V. | p. | ﬁg. | lat.		
acumular	heap	v. t. | V. | p. | ﬁg. | lat.		
acumular	pack	v. t. | V. | p. | ﬁg. | lat.		
acumular	bank	v. t. | V. | p. | ﬁg. | lat.		
acumular	load	v. t. | V. | p. | ﬁg. | lat.		
acumular	stash	v. t. | V. | p. | ﬁg. | lat.		
acumular	mass	v. t. | V. | p. | ﬁg. | lat.		
acumular	jam	v. t. | V. | p. | ﬁg. | lat.		
acumular	mound	v. t. | V. | p. | ﬁg. | lat.		
acumular	fund	v. t. | V. | p. | ﬁg. | lat.		
acumular	coffer	v. t. | V. | p. | ﬁg. | lat.		
acumular	congest	v. t. | V. | p. | ﬁg. | lat.		
acumular	stuff	v. t. | V. | p. | ﬁg. | lat.		
acumulativamente	cumulatively	adv.		
acumulativamente	accumulatively	adv.		
acumulativo	cumulative	adj.		
acumulativo	accumulative	adj.		
acúmulo	accumulation	m. | neol.		
acúmulo	backlog	m. | neol.		
acúmulo	rush	m. | neol.		
acúmulo	congestion	m. | neol.		
acunhar	wedge	v. t. | Náut. | fam.		
acunhear	wedge	v. t.		
acuo	acuo	m. | Bras.		sem_traducao
acupalpo	acupalpo	m. | lat.		sem_traducao
acupressura	acupressure	f. | lat.		
acupunctura	acupuncture	f. | lat.		
acuradamente	accurately	adv.		
acurar	to improve	v. t. | lat.		
acursar	acursar	v. t. | ven.		sem_traducao
acurtar	shorten	v. t.		
acurvar	bend	v. t.		
acurvejar-se	to bend over	v. p. | t.		
acurvilhar	bend	v. t. | freq.		
acusação	indictment	f. | lat.		
acusação	charge	f. | lat.		
acusação	accusation	f. | lat.		
acusação	complaint	f. | lat.		
acusação	prosecution	f. | lat.		
acusação	arraignment	f. | lat.		
acusação	denunciation	f. | lat.		
acusação	impeachment	f. | lat.		
acusação	plaint	f. | lat.		
acusação	denouncement	f. | lat.		
acusação	inculpation	f. | lat.		
acusado	accused	m.		
acusado	defendant	m.		
acusado	indicted	m.		
acusado	culprit	m.		
acusado	indictee	m.		
acusador	accuser	m. e adj. | lat.		
acusador	accusing	m. e adj. | lat.		
acusador	accusing	m. e adj. | lat.		
acusador	accusatory	m. e adj. | lat.		
acusador	reproachful	m. e adj. | lat.		
acusamento	accusation	m.		
acusante	accuser	m.		
acusar	accuse	v. t. | lat.		
acusar	acknowledge	v. t. | lat.		
acusar	charge	v. t. | lat.		
acusar	blame	v. t. | lat.		
acusar	impeach	v. t. | lat.		
acusar	indict	v. t. | lat.		
acusar	reproach	v. t. | lat.		
acusar	incriminate	v. t. | lat.		
acusar	libel	v. t. | lat.		
acusar	make an accusation	v. t. | lat.		
acusar	inculpate	v. t. | lat.		
acusar	own	v. t. | lat.		
acusativo	accusative	adj. | m. | Gram. | lat.		
acusativo	reproachful	adj. | m. | Gram. | lat.		
acusatoriamente	accusingly	adv.		
acusatório	accusatory	adj. | lat.		
acusatório	accusatorial	adj. | lat.		
acusatório	inculpatory	adj. | lat.		
acusável	indictable	adj. | lat.		
acuse	accuse	m. | V.		
acusma	accuses	f.		
acúsmata	acúsmata	m. | gr.		sem_traducao
acusmático	acousmatic	adj.		
acúsmato	acusmato	m.		sem_traducao
acuso	I accuse	m. | as.		
acústica	acoustics	f.		
acústica	phonics	f.		
acústico	acoustic	adj. | gr.		
acuta	acuta	f. | lat.		sem_traducao
acutangulado	acute-angled	adj.		
acutangular	acute-angular	adj.		
acutângulo	acute-angled	adj. | lat.		
acutelado	assisted	adj.		
acutenáculo	acutenaculum	m. | as. | lat.		
acuticórneo	acuticorneal	adj. | as. | lat.		
acutifólio	acutifólio	adj. | lat.		sem_traducao
acutiladiço	sharp	adj. | m. | Ant.		
acutilador	cleaver	m.		
acutilamento	cutting	m.		
acutilar	cut	v. t. | corr.		
acutilar	hack	v. t. | corr.		
acutipuru	acutipuru	m. | Bras. | n.		sem_traducao
acutirostro	acutirostro	adj. | lat.		sem_traducao
acutirrostro	acutirrostro	adj. | lat.		sem_traducao
acyanoblepsia	acyanoblepsia	f. | Med. | gr.	termo_tecnico_cientifico:Med.	sem_traducao
acýclico	aciclic	adj. | Bot. | as. | gr.	termo_tecnico_cientifico:Bot.	
acyrologia	acyrology	f. | gr.		
acyrológico	acyrological	adj.		
acysia	acysia	f. | gr.		sem_traducao
acystia	acystia	f. | gr.		sem_traducao
acystinervia	acystinervia	f. | gr.		sem_traducao
acysturotrophia	acysturotrophia	f. | gr.		sem_traducao
acyttários	acyttários	m. pl.		sem_traducao
ad	ad	pref.		sem_traducao
ada	ada	suf.		sem_traducao
adaca	adaca	f.		sem_traducao
adactilia	adactyly	f.		
adáctilo	adactyly	adj. | Zool. | gr.	termo_tecnico_cientifico:Zool.	
adactylia	dactylia	f.		
adáctylo	adactylo	adj. | Zool. | gr.	termo_tecnico_cientifico:Zool.	sem_traducao
adafina	adafina	f.		sem_traducao
adaga	dagger	f. | b. lat.		
adaga	dirk	f. | b. lat.		
adagada	dagger	f.		
adagial	adagial	adj.		sem_traducao
adagiar	adagiar	v. i.		sem_traducao
adagiário	intern	m.		
adagieiro	adagieiro	adj. | Cf. | Anat.	termo_tecnico_cientifico:Anat.	sem_traducao
adágio	adage	m. | lat.		
adágio	adagio	m. | lat.		sem_traducao
adágio	proverb	m. | lat.		
adague	dagger	m. | Prov. beir.		
adagueiro	defender	m.		
adai	adai	f.		sem_traducao
adail	adail	m. | ár.		sem_traducao
adalide	Adelaide	m. | Cf.		
adamado	damed	adj. | prov.		
adamado	coxcombical	adj. | prov.		
adamado	foppish	adj. | prov.		
adamanes	adamanes	m. pl.		sem_traducao
adamante	adamant	m. | lat.		
adamantino	adamantine	adj. | lat.		
adamar-se	adamar-se	v. | p.		sem_traducao
adamascar	Madagascar	v. t.		
adamásia	adamasia	f.		sem_traducao
adamastoriano	adamastorian	adj.		
adâmeo	Adamius	adj. | Cf.		
adâmia	Adamia	f. | n. p.		sem_traducao
adamiano	Adamian	adj.		
adâmico	Adamic	adj. | lat. | n. p.		
adamita	Adamite	m. | Cp.		
adamítico	adamitic	adj. | Cf.		
adanar	adanar	v. i. | pop. | Açor. | metáth.		sem_traducao
adansónia	adansonia	f. | n. p.		sem_traducao
adão	Adam	m.		
adaptabilidade	adaptability	f.		
adaptação	adaptation	f.		
adaptação	fit	f.		
adaptação	accommodation	f.		
adaptação	acclimation	f.		
adaptação	conformation	f.		
adaptação	acclimate	f.		
adaptação	suiting	f.		
adaptação	naturalization	f.		
adaptadamente	adapted	adv.		
adaptado	adapted	adj.		
adaptado	applied	adj.		
adaptador	adapter	m.		
adaptador	fitter	m.		
adaptador	adaptor	m.		
adaptar	adapt	v. | t. | lat.		
adaptar	adjust	v. | t. | lat.		
adaptar	suit	v. | t. | lat.		
adaptar	accommodate	v. | t. | lat.		
adaptar	tune	v. | t. | lat.		
adaptar	acclimate	v. | t. | lat.		
adaptar	fit out	v. | t. | lat.		
adaptar	acclimatize	v. | t. | lat.		
adaptar	fashion	v. | t. | lat.		
adaptar	naturalize	v. | t. | lat.		
adaptar	figure out	v. | t. | lat.		
adaptar	proportion	v. | t. | lat.		
adaptar	straighten out	v. | t. | lat.		
adaptar	attemper	v. | t. | lat.		
adaptar	calculate	v. | t. | lat.		
adaptativo	adaptive	adj.		
adaptável	adaptable	adj.		
adaptável	adaptive	adj.		
adaptável	malleable	adj.		
adarce	adarce	m. | as.		sem_traducao
adarço	adarço	m. | Ant.		sem_traducao
adarga	shield	f. | ár.		
adargado	darted	adj.		
adargar	dargar	v. t. | Cf.		
adargueiro	dargueiro	m.		
adarme	darme	m. | t. | cast.		
adarvar	adarvar	v. t.		sem_traducao
adarve	battlement	m. | ár.		
adastra	adastra	f.		sem_traducao
adastragem	training	f.		
adastrar	register	v. t. | alter.		
addenda	addenda	f. | pl. | V. | lat.		sem_traducao
addensa-nuvens	cloud addens	adj. | poet. | as.		
addensar	addensar	v. t. | lat.		sem_traducao
addental	addental	m. e adj.		sem_traducao
addição	addition	f. | lat.		
addicionação	addiction	f.		
addicionador	additor	m.		
addicional	additional	adj. | m. | lat.		
addicionamento	addition	m.		
addicionar	add	v. t. | lat.		
addicionável	add-on	adj.		
addicto	addict	adj. | lat.		
addido	added	m.		
addir	addir	v. t. | V. | p. | Cf.		sem_traducao
additamento	Additamento	m.		sem_traducao
additar	additar	v. t. | der. | lat.		sem_traducao
adducção	adduction	f.		
adducente	adducent	adj. | lat.		
adductivo	adductive	adj. | lat.		
adductor	adductor	m. | lat.		sem_traducao
adduzer	adduzer	v. t. | Ant.		sem_traducao
adduzir	add	v. t. | lat.		
ade	ade	m. | t.		sem_traducao
adeantadamente	in advance	adv.		
adeantado	advanced	m. | Adj.		
adeantamento	advance	m.		
adeantar	advance	v. t. | V. | p. | fam.		
adeante	ahead	adv.		
adecto	adept	adj. | m. | gr.		
adedentro	inside	adv. | Cf.		
adefagia	adephagia	f. | Med. | gr.	termo_tecnico_cientifico:Med.	
adefora	outside	adv. | Ant.		
adega	cellar	f. | lat.		
adega	wine cellar	f. | lat.		
adega	bodega	f. | lat.		
adegar	wine cellar	v. t. | v. i. | ﬁg.		
adegar	cellar	v. t. | v. i. | ﬁg.		
adegueiro	wine cellar	m.		
adeito	I accept	m. | Prov. beir.		
adejar	flutter	v. i. | as. | lat.		
adejo	flight	m.		
adejo	flight	adj. | Bras. | n. | alter.		
adela	adela	f.		sem_traducao
adela	adela	f. | Ant.		sem_traducao
adelaida	Adelaide	f.		
adelaide	Adelaide	f. | pop.		sem_traducao
adelaidinha	adelaidinha	f. | pop.		sem_traducao
adeleira	adeleira	f. | t.		sem_traducao
adeleiro	saddler	m. | Prov. dur. | t.		
adelfa	adelfa	f. | ár.		sem_traducao
adelfeira	adelfeira	f. | Bot. | Cf.	termo_tecnico_cientifico:Bot.	sem_traducao
adelfia	Adelfia	f. | Bot.	termo_tecnico_cientifico:Bot.	sem_traducao
adelfo	adelfo	adj. | Bot. | m. | gr.	termo_tecnico_cientifico:Bot.	sem_traducao
adelgaçadamente	thinning	adv.		
adelgaçado	thinned	adj.		
adelgaçado	wiredrawn	adj.		
adelgaçado	thin	adj.		
adelgaçado	pointed	adj.		
adelgaçador	slimming	m.		
adelgaçamento	slimming	m.		
adelgaçar	slim down	v. t. | b. lat.		
adelgaçar	slenderize	v. t. | b. lat.		
adelgaçar	taper	v. t. | b. lat.		
adelgaçar	sharpen	v. t. | b. lat.		
adelgadar	delegate	v. t.		
adelgar	slimming	v. t.		
adelha	wine cellar	f. | Prov. minh. | qual.		
adelhão	adelhão	m. | Prov. minh.		sem_traducao
adélia	Adélia	f. | gr.		sem_traducao
adelicadar-se	to be delicate	v. p. | p. us.		
adélido	Adelido	adj. | Pathol. | mal. | gr.	termo_tecnico_cientifico:Pathol.	sem_traducao
adélio	Adélio	m.		sem_traducao
adelo	Adelo	m. | ár.		sem_traducao
adelóbio	Adelobio	m. | gr.		sem_traducao
adelobrânchio	adelobranchius	adj. | as. | m. | pl. | gr.		
adelobrânquio	adelobranch	adj. | as. | m. | pl. | gr.		
adelópode	adelopod	adj. | Zool. | gr.	termo_tecnico_cientifico:Zool.	
adelopódio	adelopodium	adj. | Zool. | gr.	termo_tecnico_cientifico:Zool.	
adelosa	adelosa	f. | gr.		sem_traducao
adelphia	adelphia	f. | Bot.	termo_tecnico_cientifico:Bot.	sem_traducao
adelpho	adelpho	adj. | Bot. | m. | gr.	termo_tecnico_cientifico:Bot.	sem_traducao
adem	adem	f. | lat.		sem_traducao
adem	sheldrake	f. | lat.		
adema	edema	f. | Ant.		
ademado	added	adj.		
ademães	mothers	m. pl. | Cf.		
ademan	ademan	m. | lat.		sem_traducao
ademanes	ademanes	m. pl. | lat.		sem_traducao
adêmea	adêmea	f. | Cp.		sem_traducao
adempção	ademption	f. | lat.		
áden	Aden	f. | gr.		sem_traducao
adenacantho	adenacantho	m.		sem_traducao
adenacanto	adenacanthus	m.		
adenalgia	adenalgia	f. | gr.		sem_traducao
adenálgico	adenalgico	adj.		sem_traducao
adenandro	adenandro	m.		sem_traducao
adenantero	adenantero	m. | gr.		sem_traducao
adenanthero	adenanthero	m. | gr.		sem_traducao
adenantho	adenantho	m. | gr.		sem_traducao
adenanto	adenanth	m. | gr.		
adenção	adhesion	f. | lat.		
adenia	adenia	f. | gr.		sem_traducao
adenite	adenitis	f. | gr.		
adenocancro	adenocancer	m.		
adenocarpo	adenocarpus	m. | gr.		
adenófora	adenophora	f. | gr.		
adenografia	adenography	f. | Anat. | gr.	termo_tecnico_cientifico:Anat.	
adenograma	adenogram	m. | fam.		
adenogramma	adenogram	m. | fam.		
adenographia	adenographia	f. | Anat. | gr.	termo_tecnico_cientifico:Anat.	sem_traducao
adenoide	adenoid	adj. | gr.		
adenologia	adenology	f. | gr.		
adenoma	adenoma	m. | gr.		sem_traducao
adenomalacia	lymphadenopathy	f. | Med. | gr.	termo_tecnico_cientifico:Med.	
adenomixoma	angiomyxoma	m. | Med. | gr.	termo_tecnico_cientifico:Med.	
adenomyxoma	angiomyxoma	m. | Med. | gr.	termo_tecnico_cientifico:Med.	
adenopata	adenopath	m.		
adenopatha	adenopath	m.		
adenopathia	adenopathy	f. | gr.		
adenopatia	lymphadenopathy	f. | gr.		
adenóphora	adenophora	f. | gr.		sem_traducao
adenos	adenos	m.		sem_traducao
adenosclerose	adenosclerosis	f. | Med. | gr.	termo_tecnico_cientifico:Med.	
adenostêmono	adenostemon	adj. | gr.		
adenostíleas	adenostylees	f. pl.		
adenostýleas	adenostyleas	f. pl.		sem_traducao
adenotomia	adenotomy	f. | gr.		
adenotómico	adenotomy	adj.		
adensa-nuvens	dense clouds	adj. | poet. | as.		
adensar	thicken	v. t. | lat.		
adental	dental	m. e adj.		
adentar	enter	v. t.		
adente	tooth	adv. | Prov. minh.		
adentrar	enter	v. i. | Cf.		
adentrar-se	enter	v. p.		
adentro	inside	adv.		
adentro	in	adv.		
adentro	up	adv.		
adeos	goodbyes	adv. | m. | n. p.		
adephagia	adephagia	f. | Med. | gr.	termo_tecnico_cientifico:Med.	sem_traducao
adepto	supporter	m. | lat.		
adepto	adherent	m. | lat.		
adepto	follower	m. | lat.		
adepto	proselyte	m. | lat.		
adepto	professor	m. | lat.		
adepto	camp follower	m. | lat.		
adepto	sticker	m. | lat.		
adequação	adequacy	f. | lat.		
adequação	adequation	f. | lat.		
adequadamente	properly	adv.		
adequadamente	accordingly	adv.		
adequadamente	rightly	adv.		
adequado	adequate	adj.		
adequado	appropriate	adj.		
adequado	suitable	adj.		
adequado	proper	adj.		
adequado	right	adj.		
adequado	fit	adj.		
adequado	good	adj.		
adequado	apt	adj.		
adequado	due	adj.		
adequado	meet	adj.		
adequado	apposite	adj.		
adequado	congruous	adj.		
adequado	rightdown	adj.		
adequado	seasonable	adj.		
adequar	adapt	v. t. | lat.		
adequar	suit	v. t. | lat.		
ader	ader	v. t. | Ant.		sem_traducao
aderar	adhere	v. t. | Ant. | lat.		
adereçamento	props	m.		
adereçar	adorn	v. t.		
adereçar	decorate	v. t.		
aderecista	prop maker	m.		
aderêço	accessory	m. | lat. | hyp.		
aderençar	to adhere	v. t. | v. i. | Ant. | Cp.		
aderência	adhesion	f.		
aderência	adherence	f.		
aderência	adhesiveness	f.		
aderência	abrasion	f.		
aderente	adherent	m. e adj. | m.		
aderente	adhering	m. e adj. | m.		
aderente	adhesive	m. e adj. | m.		
aderente	cohesive	m. e adj. | m.		
aderente	adherer	m. e adj. | m.		
aderente	retainer	m. e adj. | m.		
aderente	confluent	m. e adj. | m.		
adergar	adergar	v. i. | v. t. | Cf.		sem_traducao
aderir	join	v. i. | v. t.		
aderir	adhere	v. i. | v. t.		
aderir	accede	v. i. | v. t.		
aderir	subscribe	v. i. | v. t.		
aderir	accept	v. i. | v. t.		
aderir	cohere	v. i. | v. t.		
aderir	coalesce	v. i. | v. t.		
aderir	accrete	v. i. | v. t.		
adernar	tilt	v. i. | Náut.		
aderno	notebook	m. | fam. | lat.		
adesão	accession	f. | lat.		
adesão	adhesion	f. | lat.		
adesão	adherence	f. | lat.		
adesão	support	f. | lat.		
adesão	access	f. | lat.		
adesão	coherence	f. | lat.		
adesão	coherency	f. | lat.		
adesivado	adhesive	adj.		
adesivamente	adhesively	adv.		
adesivo	sticker	m. | Adj.		
adesivo	adhesive	m. | Adj.		
adesivo	adhesive	m. | Adj.		
adesivo	clinging	m. | Adj.		
adesivo	cloggy	m. | Adj.		
adesivo	clammy	m. | Adj.		
adesivo	strapping	m. | Adj.		
adesmia	adesmia	f. | Bot.	termo_tecnico_cientifico:Bot.	sem_traducao
adeso	adhesion	part. irr. | lat.		
adesol	adesol	m.		sem_traducao
adestra	train	adv. | Ant. | Bras.		
adestradamente	trained	adv.		
adestrado	trained	adj.		
adestrado	skillful	adj.		
adestrado	skilful	adj.		
adestrado	thoroughpaced	adj.		
adestrador	trainer	m.		
adestramento	training	m.		
adestramento	dressage	m.		
adestramento	nurture	m.		
adestrar	train	v. t.		
adestrar	nurture	v. t.		
adestrar	groom	v. t.		
adestrar	school	v. t.		
adestrar	gait	v. t.		
adestro	training	adj. | lat.		
adeus	goodbye	adv. | m. | n. p.		
adeus	farewell	adv. | m. | n. p.		
adeus	valediction	adv. | m. | n. p.		
adeusar	goodbye	v. t.		
adevão	adevão	adj. | Bras. | n.		sem_traducao
adeveres	duties	m. pl. | Prov. trasm. | Prov. minh.		
adherência	adherence	f.		
adherente	adherent	m. e adj. | m.		
adherir	adhere	v. | v. t.		
adhesão	accession	f. | lat.		
adhesivado	adhesive	adj.		
adhesivamente	adhesively	adv.		
adhesivo	adhesive	m. | Adj.		
adheso	adheso	part. irr. | lat.		sem_traducao
adhesol	adhesol	m.		sem_traducao
adhortar	adhortar	v. | t. | Cf.		sem_traducao
adi	adi	f.		sem_traducao
adiado	postponed	adj.		
adiado	adjourned	adj.		
adiafa	adiafa	f. | Prov. alent.		sem_traducao
adiáfano	diaphanous	adj.		
adiáforo	diaphore	adj. | gr.		
adiamantado	diamond	adj.		
adiamento	postponement	m.		
adiamento	delay	m.		
adiamento	deferment	m.		
adiamento	adjournment	m.		
adiamento	reprieve	m.		
adiamento	procrastination	m.		
adiamento	stay	m.		
adiamento	respite	m.		
adiamento	dilation	m.		
adiantáceas	adiantáceas	f. | pl.		sem_traducao
adiante	forward	adv. | der. | V.		
adiante	ahead	adv. | der. | V.		
adiante	forth	adv. | der. | V.		
adiante	on	adv. | der. | V.		
adiante	in front	adv. | der. | V.		
adiante	fore	adv. | der. | V.		
adiante	upward	adv. | der. | V.		
adianto	advance	m. | fam. | gr.		
adiáphano	diaphanous	adj.		
adiáphoro	diaphore	adj. | gr.		
adiar	to postpone	v. t.		
adiar	postpone	v. t.		
adiar	delay	v. t.		
adiar	defer	v. t.		
adiar	put off	v. t.		
adiar	adjourn	v. t.		
adiar	wait	v. t.		
adiar	suspend	v. t.		
adiar	hold over	v. t.		
adiar	shelve	v. t.		
adiar	stay	v. t.		
adiar	waive	v. t.		
adiar	respite	v. t.		
adiar	drive	v. t.		
adiatésico	adiathesic	adj.		
adiathésico	adiathesic	adj.		
adiável	postponable	adj.		
adibe	adibe	m. | ár.		sem_traducao
adibe	adibe	m. | as.		sem_traducao
adiça	add	f. | Ant.		
adição	addition	f. | lat.		
adição	sum	f. | lat.		
adição	summation	f. | lat.		
adição	affix	f. | lat.		
adição	cast	f. | lat.		
adição	tot	f. | lat.		
adicar	add	v. | Gír. | or. | ind.		
adicção	addiction	v. t. | V.		
adiceiro	adiceiro	m. | Ant.		sem_traducao
adicionação	addition	f.		
adicionador	adder	m.		
adicional	additional	adj. | m. | lat.		
adicional	further	adj. | m. | lat.		
adicional	extra	adj. | m. | lat.		
adicional	more	adj. | m. | lat.		
adicional	new	adj. | m. | lat.		
adicional	plus	adj. | m. | lat.		
adicional	accessory	adj. | m. | lat.		
adicional	another	adj. | m. | lat.		
adicional	collateral	adj. | m. | lat.		
adicional	second	adj. | m. | lat.		
adicionamento	addition	m.		
adicionar	to add	v. t. | lat.		
adicionar	add	v. t. | lat.		
adicionar	piggyback	v. t. | lat.		
adicionar	sum	v. t. | lat.		
adicionar	tack	v. t. | lat.		
adicionar	tot	v. t. | lat.		
adicionar	figure up	v. t. | lat.		
adicionar	totalize	v. t. | lat.		
adicionar	put	v. t. | lat.		
adicionável	addable	adj.		
adicto	addict	adj. | lat.		
adido	attaché	m.		
adietar	diet	v. t.		
adigar	adigar	m.		sem_traducao
adil	adil	m. | Prov. trasm.		sem_traducao
adilado	postponed	adj. | Prov. trasm.		
adilar	postpone	v. t. | Prov. trasm.		
adimplemento	fulfillment	m. | lat.		
adinamia	adynamia	f. | gr.		
adinâmico	adynamic	adj.		
adinamizar	to energize	v. t.		
adínamo	dynamo	adj.		
adinheirado	wealthy	adj.		
adinho	little	m. | Cf.		
adino	adino	m.		sem_traducao
ádipe	adipe	m. | lat.		sem_traducao
ádipo	adipose	m. | Cf.		
adipocera	adipocere	f.		
adipocira	adipocyte	f.		
adipociriforme	adipociriform	adj.		
adipociro	adipociro	m.		sem_traducao
adipogenia	adipogenesis	f. | Med. | lat. | gr.	termo_tecnico_cientifico:Med.	
adipoma	adipoma	m. | lat.		sem_traducao
adipose	adipose	f. | Med.	termo_tecnico_cientifico:Med.	sem_traducao
adiposo	adipose	adj.		
adipsia	adipsia	f. | gr.		sem_traducao
adir	adir	v. t. | lat.		sem_traducao
adir	adir	v. t. | V. | p. | Cf.		sem_traducao
adita	add	f. | Prov. minh.		
aditamento	addendum	m.		
aditamento	supplement	m.		
aditar	add	v. t.		
aditar	add	v. t.		
aditar	add	v. t. | der. | lat.		
ádito	adito	m. | lat.		sem_traducao
ádito	adit	m. | lat.		
ádito	penetralia	m. | lat.		
ádito	adito	m. | gr.		sem_traducao
ádito	adit	m. | gr.		
ádito	penetralia	m. | gr.		
adival	adival	m. | prov.		sem_traducao
adivinha	he guesses	f.		
adivinha	riddle	f.		
adivinha	conundrum	f.		
adivinha	he guesses	f. | as. | fem.		
adivinha	riddle	f. | as. | fem.		
adivinha	conundrum	f. | as. | fem.		
adivinhação	divination	f.		
adivinhação	guessing	f.		
adivinhação	riddle	f.		
adivinhação	fortune-telling	f.		
adivinhadeira	fortune teller	f. | V.		
adivinhadeiro	fortune teller	m. | V.		
adivinhador	fortune teller	m.		
adivinhamento	divination	m. | V.		
adivinhança	divination	f. | Ant.		
adivinhão	fortune teller	m. | V.		
adivinhar	guess	v. t. | lat.		
adivinhar	divine	v. t. | lat.		
adivinhar	foretell	v. t. | lat.		
adivinhar	riddle	v. t. | lat.		
adivinhar	rede	v. t. | lat.		
adivinho	fortune teller	m.		
adivinho	soothsayer	m.		
adivinho	fortune-teller	m.		
adivinho	prophet	m.		
adivinho	augur	m.		
adivinho	wizard	m.		
adivinho	powwow	m.		
adjacência	adjacency	f.		
adjacente	adjacent	adj. | Geom. | lat.	termo_tecnico_cientifico:Geom.	
adjacente	oscular	adj. | Geom. | lat.	termo_tecnico_cientifico:Geom.	
adjazer	adjaz	v. i. | Cf. | lat.		
adjecção	adjection	f. | lat.		
adjectivação	adjectivation	f.		
adjectivadamente	adjectivally	adv.		
adjectivado	adjectival	adj.		
adjectival	adjectival	adj. | p. us.		sem_traducao
adjectivamente	adjectively	adv.		
adjectivar	adjectivar	v. t.		sem_traducao
adjectivo	adjective	m. | Gram. | Adj. | lat.		
adjecto	adjective	adj. | lat.		
adjudicação	award	f.		
adjudicação	adjudication	f.		
adjudicação	grant	f.		
adjudicação	decision	f.		
adjudicação	court order	f.		
adjudicador	adjudicator	m.		
adjudicador	grantor	m.		
adjudicar	award	v. t. | lat.		
adjudicar	adjudicate	v. t. | lat.		
adjudicar	grant	v. t. | lat.		
adjudicatário	successful bidder	m.		
adjudicatário	contractor	m.		
adjudicatário	grantee	m.		
adjudicativo	adjudicative	adj.		
adjudicatório	adjudication	adj.		
adjudoiro	assistant	m. | Ant.		
adjunção	adjunction	f. | lat.		
adjuncção	adjunction	f. | lat.		
adjuncto	adjunct	adj. | m. | Prov. trasm. | Bras. | lat.		
adjungir	attach	v. t. | Cf. | lat.		
adjunto	assistant	adj. | m. | Prov. trasm. | Bras. | lat.		
adjunto	adjunct	adj. | m. | Prov. trasm. | Bras. | lat.		
adjunto	attached	adj. | m. | Prov. trasm. | Bras. | lat.		
adjunto	joined	adj. | m. | Prov. trasm. | Bras. | lat.		
adjunto	assessor	adj. | m. | Prov. trasm. | Bras. | lat.		
adjuração	adjuration	f.		
adjurador	adjourner	m.		
adjurar	adjure	v. t. | lat.		
adjutor	assistant	m. | lat.		
adjutório	assistance	m. | lat.		
adjuvante	adjuvant	adj. | lat.		
adjuvante	accessorial	adj. | lat.		
adlegação	adlegação	f. | lat.		sem_traducao
adligado	connected	adj. | lat.		
adligante	adligante	adj. | lat.		sem_traducao
adlúmia	adlumia	f.		sem_traducao
adlúmio	adlumium	m.		
admena	admena	f.		sem_traducao
admene	admene	m. | Ant.		sem_traducao
adminiculante	adminiculante	adj.		sem_traducao
adminicular	adminicular	adj. | v. t.		sem_traducao
adminiculativo	adminiculative	adj.		
adminículo	adminicle	m. | pl. | lat.		
administração	administration	f. | lat.		
administração	management	f. | lat.		
administração	governance	f. | lat.		
administração	stewardship	f. | lat.		
administração	running	f. | lat.		
administração	direction	f. | lat.		
administração	trusteeship	f. | lat.		
administração	streamline	f. | lat.		
administração	march	f. | lat.		
administracionalizar	to manage	v. t. | neol. | fr.		
administradeira	administrator	f. | Bras.		
administrador	administrator	m. | lat.		
administrador	manager	m. | lat.		
administrador	director	m. | lat.		
administrador	trustee	m. | lat.		
administrador	steward	m. | lat.		
administrador	officer	m. | lat.		
administrador	dispenser	m. | lat.		
administrador	warden	m. | lat.		
administrador	ruler	m. | lat.		
administrador	overseer	m. | lat.		
administrador	controller	m. | lat.		
administrador	factor	m. | lat.		
administrador	comptroller	m. | lat.		
administrador	assignee	m. | lat.		
administrador	conservator	m. | lat.		
administrador	fallow deer	m. | lat.		
administrador	hind	m. | lat.		
administrador	manciple	m. | lat.		
administrante	administrator	adj. | lat.		
administrar	manage	v. t. | lat.		
administrar	administer	v. t. | lat.		
administrar	administrate	v. t. | lat.		
administrar	conduct	v. t. | lat.		
administrar	govern	v. t. | lat.		
administrar	dispense	v. t. | lat.		
administrar	direct	v. t. | lat.		
administrar	infuse	v. t. | lat.		
administrar	rule	v. t. | lat.		
administrar	police	v. t. | lat.		
administrar	boss	v. t. | lat.		
administrar	officer	v. t. | lat.		
administrar	husband	v. t. | lat.		
administrativamente	administratively	adv.		
administrativo	administrative	adj. | lat.		
administrativo	managerial	adj. | lat.		
administrativo	governing	adj. | lat.		
administrativo	civil	adj. | lat.		
administrativo	duty	adj. | lat.		
administrativo	white-collar	adj. | lat.		
admirábil	admirable	adj. | V.		
admirabilidade	admirability	f. | lat.		
admiração	admiration	f. | lat.		
admiração	wonder	f. | lat.		
admiração	awe	f. | lat.		
admiração	astonishment	f. | lat.		
admiração	admiring	f. | lat.		
admiração	amazement	f. | lat.		
admiração	surprise	f. | lat.		
admiração	marvel	f. | lat.		
admiração	worship	f. | lat.		
admiração	daze	f. | lat.		
admiradamente	admirably	adv.		
admirado	admired	adj.		
admirado	surprised	adj.		
admirado	astonished	adj.		
admirado	open-eyed	adj.		
admirado	pop-eyed	adj.		
admirador	admirer	m.		
admirador	fan	m.		
admirador	admiring	m.		
admirador	adorer	m.		
admirando	admiring	adj.		
admirante	admirer	adj. | lat.		
admirar	admire	v. t. | V. | p. | lat.		
admirar	look up to	v. t. | V. | p. | lat.		
admirar	flabbergast	v. t. | V. | p. | lat.		
admirativamente	admiringly	adv.		
admirativo	admiring	adj.		
admirável	admirable	adj. | lat.		
admirável	wonderful	adj. | lat.		
admirável	marvelous	adj. | lat.		
admirável	striking	adj. | lat.		
admirável	good	adj. | lat.		
admirável	surprising	adj. | lat.		
admirável	marvellous	adj. | lat.		
admiravelmente	admirably	adv.		
admiravelmente	capitally	adv.		
admiravelmente	like	adv.		
admissão	admission	f. | lat.		
admissão	intake	f. | lat.		
admissão	inlet	f. | lat.		
admissão	acceptance	f. | lat.		
admissão	admittance	f. | lat.		
admissão	reception	f. | lat.		
admissão	accession	f. | lat.		
admissão	access	f. | lat.		
admissão	concession	f. | lat.		
admissão	ingress	f. | lat.		
admissão	entree	f. | lat.		
admissão	recipiency	f. | lat.		
admissibilidade	admissibility	f. | lat.		
admissibilidade	admissibleness	f. | lat.		
admissível	admissible	adj. | lat.		
admissível	permissible	adj. | lat.		
admissível	allowable	adj. | lat.		
admissível	thinkable	adj. | lat.		
admitir	admit	v. t. | lat.		
admitir	accept	v. t. | lat.		
admitir	allow	v. t. | lat.		
admitir	acknowledge	v. t. | lat.		
admitir	assume	v. t. | lat.		
admitir	concede	v. t. | lat.		
admitir	grant	v. t. | lat.		
admitir	confess	v. t. | lat.		
admitir	receive	v. t. | lat.		
admitir	avow	v. t. | lat.		
admitir	take in	v. t. | lat.		
admitir	adopt	v. t. | lat.		
admitir	let in	v. t. | lat.		
admitir	lead off	v. t. | lat.		
admittir	admit	v. | t. | lat.		
admoestação	admonition	f.		
admoestação	warning	f.		
admoestação	admonishment	f.		
admoestação	reprimand	f.		
admoestação	remonstrance	f.		
admoestação	expostulation	f.		
admoestação	monitory	f.		
admoestação	sermon	f.		
admoestação	slur	f.		
admoestador	admonisher	m. e adj.		
admoestador	monitory	m. e adj.		
admoestador	monitor	m. e adj.		
admoestamento	admonition	m.		
admoestar	admonish	v. t. | lat.		
admoestar	warn	v. t. | lat.		
admoestar	caution	v. t. | lat.		
admoestar	remonstrate	v. t. | lat.		
admoestar	jaw	v. t. | lat.		
admoestar	reprehend	v. t. | lat.		
admoestar	sermonize	v. t. | lat.		
admoestar	talk to	v. t. | lat.		
admoestativo	admonitory	adj.		
admoestatório	admonitory	adj.		
admonenda	admonenda	f. | Cf.		sem_traducao
admonição	admonition	f. | lat.		
admonição	monition	f. | lat.		
admonição	admonishment	f. | lat.		
admonitor	admonitor	m. e adj. | lat.		sem_traducao
admonitório	admonitory	m. | Adj. | lat.		
admonitório	monitory	m. | Adj. | lat.		
adnasal	adnasal	adj. | Anat.	termo_tecnico_cientifico:Anat.	sem_traducao
adnascente	upward	adj. | Bot.	termo_tecnico_cientifico:Bot.	
adnata	adnata	f. | Anat. | fem.	termo_tecnico_cientifico:Anat.	sem_traducao
adnato	adnato	adj. | lat.		sem_traducao
adnex	adnex			sem_traducao
adnocarcinoma	adenocarcinoma	m. | Med. | gr.	termo_tecnico_cientifico:Med.	
adnominação	adnomination	f. | V.		
adnotação	adnotation	f. | Cp.		
adnotar	adnote	v. t. | der.		
adnumerar	to enumerate	v. t. | des. | V.		
adoba	adoba	f.		sem_traducao
adoba	adoba	f. | Ant.		sem_traducao
adobar	adobar	v. t. | Ant.		sem_traducao
adobar	adobar	v. t. | as.		sem_traducao
adobe	adobe	m. | ár.		sem_traducao
adobo	adobo	m.		sem_traducao
adoçamento	sweetening	m.		
adoçante	sweetener	adj. | m.		
adoçar	sweeten	v. t.		
adoçar	mellow	v. t.		
adoçar	honey	v. t.		
adocicado	sweet	adj.		
adocicado	sweetish	adj.		
adocicado	sugary	adj.		
adocicado	mellow	adj.		
adocicado	luscious	adj.		
adocicamento	sweetening	m.		
adocicar	sweeten	v. t.		
adoecer	to get sick	v. i. | v. t. | lat.		
adoecer	fall ill	v. i. | v. t. | lat.		
adoecer	sicken	v. i. | v. t. | lat.		
adoecer	languish	v. i. | v. t. | lat.		
adoecer	make ill	v. i. | v. t. | lat.		
adoecer	crock	v. i. | v. t. | lat.		
adoecimento	illness	m.		
adoentado	cranky	adj.		
adoentado	sick	adj.		
adoentado	sickly	adj.		
adoentado	unwell	adj.		
adoentado	unhealthy	adj.		
adoentado	poorly	adj.		
adoentado	off-color	adj.		
adoentado	off-colour	adj.		
adoentado	washed-out	adj.		
adoentar	to get sick	v. t.		
adoidado	balmy	adj.		
adoidado	crazy	adj.		
adoidar	crazy	v. t.		
adoito	adopted	m. | Ant. | lat.		
adolescência	adolescence	f. | lat.		
adolescência	youth	f. | lat.		
adolescente	adolescent	m. e adj. | lat.		
adolescente	teenager	m. e adj. | lat.		
adolescente	teenage	m. e adj. | lat.		
adolescente	teenaged	m. e adj. | lat.		
adolescente	juvenile	m. e adj. | lat.		
adolescente	stripling	m. e adj. | lat.		
adolescente	sapling	m. e adj. | lat.		
adolescêntulo	adolescent	m. | des. | lat.		
adolescer	to become an adolescent	v. | lat.		
adoli	adoli	m.		sem_traducao
adólia	Adolia	f.		sem_traducao
adólio	Adolio	m.		sem_traducao
adolorado	painful	adj. | des.		
adomar	adomar	v. i. | Prov. minh.		sem_traducao
adomingado	Sunday	adj.		
adomingar-se	to Sunday	v. p.		
adonai	Adonai	m. | lat.		sem_traducao
adonairar	adonairar	v. t. | Cf.		sem_traducao
adonde	where	adv. | Ant. | V. | pop.		
adónico	adonic	adj.		
adónida	adonis	f.		
adónide	Adonis	lat.		
adonidina	adonidine	f.		
adónio	Adónio	adj. | lat.		sem_traducao
adónis	Adonis	m. | gr. | n. p.		sem_traducao
adónis	Adonis	lat.		sem_traducao
adónis-da-itália	Italian Adonis	m.		
adonisar	adonisar	v. t. | Cf. | al.		sem_traducao
adopção	adoption	f. | lat.		
adoperar	adoper	v. t. | lat.		
adoptação	adoption	f.		
adoptante	adopter	adj. | lat.		
adoptar	adopt	v. t. | lat.		
adoptivamente	adoptively	adv.		
adoptivo	adoptive	adj. | lat.		
adorabundo	adorabundo	adj. | poet.		sem_traducao
adoração	worship	f. | lat.		
adoração	adoration	f. | lat.		
adôrádo	adorado	adj. | Ant. | Prov. trasm.		sem_traducao
adorador	worshipper	m. e adj.		
adorador	adoring	m. e adj.		
adorador	adorer	m. e adj.		
adoramento	worship	m.		
adorando	worshiping	adj. | lat.		
adorante	worshipper	adj. | lat.		
adorar	love	v. t. | lat.		
adorar	worship	v. t. | lat.		
adorar	adore	v. t. | lat.		
adorar	bless	v. t. | lat.		
adorativo	worshipful	adj.		
adorável	adorable	adj. | lat.		
adorável	lovely	adj. | lat.		
adorável	lovable	adj. | lat.		
adorável	kissable	adj. | lat.		
adoravelmente	adorably	adv.		
adorbital	orbital	m. | Adj. | Anat.	termo_tecnico_cientifico:Anat.	
adoriás	adoriás	m. | pl.		sem_traducao
adório	adorio	m.		sem_traducao
adormecedor	sleep aid	adj.		
adormecente	sleeping	adj. | Cf.		
adormecer	fall asleep	v. | t. | v. i. | p.		
adormecer	sleep	v. | t. | v. i. | p.		
adormecer	go numb	v. | t. | v. i. | p.		
adormecer	drop out	v. | t. | v. i. | p.		
adormecer	doss	v. | t. | v. i. | p.		
adormecido	asleep	adj.		
adormecido	sleeping	adj.		
adormecido	sleeper	adj.		
adormecido	numb	adj.		
adormecido	torpid	adj.		
adormecido	slumberous	adj.		
adormecimento	falling asleep	m.		
adormentado	asleep	adj.		
adormentador	sleeper	adj. | m.		
adormentar	fall asleep	v. t.		
adormido	asleep	adj. | Ant. | Cf.		
adormir	fall asleep	v. | Cf.		
adornadamente	ornately	adv.		
adornado	adorned	adj.		
adornado	figured	adj.		
adornamento	ornamentation	m.		
adornar	adorn	v. t. | lat.		
adornar	decorate	v. t. | lat.		
adornar	grace	v. t. | lat.		
adornar	ornament	v. t. | lat.		
adornar	bedeck	v. t. | lat.		
adornar	bejewel	v. t. | lat.		
adornar	attire	v. t. | lat.		
adornar	gild	v. t. | lat.		
adornar	prank	v. t. | lat.		
adornar	set	v. t. | lat.		
adornar	blazon	v. t. | lat.		
adornar	fig	v. t. | lat.		
adornar	lard	v. t. | lat.		
adornar	purl	v. t. | lat.		
adornar	illuminate	v. t. | lat.		
adornar	adorn	v. i. | V.		
adornar	decorate	v. i. | V.		
adornar	grace	v. i. | V.		
adornar	ornament	v. i. | V.		
adornar	bedeck	v. i. | V.		
adornar	bejewel	v. i. | V.		
adornar	attire	v. i. | V.		
adornar	gild	v. i. | V.		
adornar	prank	v. i. | V.		
adornar	set	v. i. | V.		
adornar	blazon	v. i. | V.		
adornar	fig	v. i. | V.		
adornar	lard	v. i. | V.		
adornar	purl	v. i. | V.		
adornar	illuminate	v. i. | V.		
adôrno	adornment	m.		
adortar	adopt	v. t. | Cf.		
adossado	attached	adj. | Heráld. | fr.		
adotar	adopt	v. t. | Prov. trasm.		
adotar	embrace	v. t. | Prov. trasm.		
adotar	foster	v. t. | Prov. trasm.		
adotar	father	v. t. | Prov. trasm.		
adoutar	adopt	v. t. | der. | Ant.		
adova	adova	f. | Ant. | as. | qual. | Cp.		sem_traducao
adoxa	adoxa	f.		sem_traducao
adoxo	adoxo	m. | as.		sem_traducao
adquirente	purchaser	adj.		
adquirição	acquisition	f. | V.		
adquiridôr	purchaser	m. e adj.		
adquirimento	acquisition	m.		
adquirir	acquire	v. t. | lat.		
adquirir	purchase	v. t. | lat.		
adquirir	get	v. t. | lat.		
adquirir	buy	v. t. | lat.		
adquirir	obtain	v. t. | lat.		
adquirir	procure	v. t. | lat.		
adquirir	earn	v. t. | lat.		
adquirir	pick	v. t. | lat.		
adquirir	gather	v. t. | lat.		
adquirir	pick up	v. t. | lat.		
adquirir	make	v. t. | lat.		
adquirir	filibeg	v. t. | lat.		
adquirível	obtainable	adj.		
adquirível	purchasable	adj.		
adquisição	acquisition	f. | V.		
adquisitivo	acquisitive	adj. | Cf.		
adrachne	adrachne	f. | gr.		sem_traducao
adracne	adrachne	f. | gr.		
adraganta	dragant	f.		
adraganthina	adraganthina	f.		sem_traducao
adragantho	adragantho	m. | alter.		sem_traducao
adragantina	dragantine	f.		
adraganto	draganto	m. | alter.		
adraguncho	adraguncho	m. | des.		sem_traducao
adrasto	adrasto	m.		sem_traducao
adrede	deliberately	adv. | provn. | lat.		
adregar	adregar	v. | Prov. trasm. | Cf. | rev.		sem_traducao
adrêgo	adrêgo	m. | Prov. alent.		sem_traducao
adrenal	adrenal	adj. | Anat. | lat.	termo_tecnico_cientifico:Anat.	sem_traducao
adrenalina	adrenaline	f. | Pharm.	termo_tecnico_cientifico:Pharm.	
adrenalina	adrenalin	f. | Pharm.	termo_tecnico_cientifico:Pharm.	
adriça	halyard	f. | it.		
adriçar	adriçar	v. t.		sem_traducao
adrípia	adrípia	f.		sem_traducao
adro	churchyard	m. | as. | lat.		
adro	forecourt	m. | as. | lat.		
adrogação	drugging	f.		
adrogar	drug	v. t. | lat.		
adscrever	subscribe	v. t. | Cf.		
adscripção	subscription	f. | lat.		
adscriptício	adscriptício	adj.		sem_traducao
adscripto	adscripto	adj. | lat.		sem_traducao
adsperso	spray	adj. | Bot. | lat.	termo_tecnico_cientifico:Bot.	
adstrição	attachment	f.		
adstricção	adstriction	f.		
adstrictivo	adstrictive	adj.		
adstricto	restricted	adj. | Med. | lat.	termo_tecnico_cientifico:Med.	
adstrictório	adstritório	adj.		
adstringência	astringency	f.		
adstringente	astringent	m. e adj.		
adstringente	styptic	m. e adj.		
adstringir	astringe	v. t. | lat.		
adstringitivo	astringent	adj. | V.		
adstringivo	adstringive	m. e adj. | V.		
adstritivo	adstrictive	adj.		
adstrito	bound	adj. | Med. | lat.	termo_tecnico_cientifico:Med.	
adstritório	adstrictive	adj.		
adu	adult	adv. | Ant.		
adua	adua	f. | Prov. alent. | prov. | Ant. | Prov. beir.		sem_traducao
adua	adua	f. | Ant.		sem_traducao
aduada	aduada	f. | Prov. beir.		sem_traducao
aduagem	tailings	f.		
aduana	customs	f. | ár.		
aduana	customhouse	f. | ár.		
aduanar	customs	v. t.		
aduaneiro	customs	adj.		
aduaneiro	customs officer	adj.		
aduar	aduar	m. | Ant. | ár.		sem_traducao
aduar	aduar	v. t.		sem_traducao
aduba	fertilize	f.		
adubabela	adubabela	f. | Prov. minh.		sem_traducao
adubação	fertilizing	f.		
adubador	fertilizer	m.		
adubagem	fertilization	f.		
adubamento	fertilization	m.		
adubar	fertilize	v. t. | Ant. | Cf. | port. | germ.		
adubar	compost	v. t. | Ant. | Cf. | port. | germ.		
adubar	manure	v. t. | Ant. | Cf. | port. | germ.		
adubar	season	v. t. | Ant. | Cf. | port. | germ.		
adubar	nourish	v. t. | Ant. | Cf. | port. | germ.		
adubar	lime	v. t. | Ant. | Cf. | port. | germ.		
adubar	dung	v. t. | Ant. | Cf. | port. | germ.		
adube	fertilize	m. | t.		
adubiar	fertilize	v. t. | Ant.		
adubio	fertilizer	m. | Ant. | alter.		
adubo	fertilizer	m.		
adubo	manure	m.		
adubo	compost	m.		
aduboiro	fertilizer	m. | Ant.		
adução	adduction	f.		
aducente	adducent	adj. | lat.		
aduchar	to taff	v. t. | Náut.		
aduchas	showers	f. | pl. | Náut.		
aducho	dugout	adj. | Ant. | m. | lat.		
adueiro	customs	m.		
aduela	stave	f. | loc. | pop. | cast.		
aduelagem	dugout	f.		
adufa	sluice gate	f. | ár.		
adufa	lattice	f. | ár.		
adufa	penstock	f. | ár.		
adufa	shutter	f. | ár.		
adufar	adufar	v. t.		sem_traducao
adufar	adufar	v. i.		sem_traducao
adufe	tambourine	m. | ár.		
adufeiro	tambourine player	m.		
adufo	adufo	m.		sem_traducao
adufo	adufo	m. | Bras.		sem_traducao
adugar	adugar	v. t. | Ant.		sem_traducao
adulação	adulation	f. | lat.		
adulação	flattery	f. | lat.		
adulação	coaxing	f. | lat.		
adulação	fawning	f. | lat.		
adulação	cringing	f. | lat.		
adulação	cajolery	f. | lat.		
adulação	blarney	f. | lat.		
adulação	cajolement	f. | lat.		
adulação	sawder	f. | lat.		
adulação	sugar	f. | lat.		
adulação	toadyism	f. | lat.		
aduladamente	flatteringly	adv.		
adulador	flatterer	m. | lat.		
adulador	fawning	m. | lat.		
adulador	smarmy	m. | lat.		
adulador	toady	m. | lat.		
adulador	adulatory	m. | lat.		
adulador	sugary	m. | lat.		
adulador	creeping	m. | lat.		
adulador	obsequious	m. | lat.		
adulador	flunkey	m. | lat.		
adulador	unctuous	m. | lat.		
adulador	lackey	m. | lat.		
adulador	lacquey	m. | lat.		
adulador	truckler	m. | lat.		
adulador	groveller	m. | lat.		
adulador	toad-eater	m. | lat.		
adulador	toad-eating	m. | lat.		
adulador	tuft-hunter	m. | lat.		
adulador	mealy-mouthed	m. | lat.		
adulador	smooth-spoken	m. | lat.		
adulador	smooth-tongued	m. | lat.		
adulante	flattering	adj.		
adulão	flatterer	m. e adj.		
adular	flatter	v. | t. | lat.		
adular	cajole	v. | t. | lat.		
adular	adulate	v. | t. | lat.		
adular	fawn	v. | t. | lat.		
adular	wheedle	v. | t. | lat.		
adular	butter	v. | t. | lat.		
adular	blandish	v. | t. | lat.		
adular	butter up	v. | t. | lat.		
adular	blarney	v. | t. | lat.		
adular	palaver	v. | t. | lat.		
adular	soft-soap	v. | t. | lat.		
adulária	flattery	f. | n. p.		
adulativo	flattering	adj. | p. us.		
adulatoriamente	flatteringly	adv.		
adulatório	flattering	adj. | lat.		
adulçorar	sweeten	v. t. | Cf.		
adulo	adult	adv. | Ant. | Prov. trasm.		
aduloso	aduloso	adj.		sem_traducao
adúltera	adulteress			
adulteração	adulteration	f. | lat.		
adulteração	falsification	f. | lat.		
adulteração	sophistication	f. | lat.		
adulteradamente	adulterated	adv.		
adulterado	adulterated	adj.		
adulterado	bogus	adj.		
adulterado	bastard	adj.		
adulterado	adulterate	adj.		
adulterador	adulterer	m. | lat.		
adulterador	adulterant	m. | lat.		
adulteramente	adulterously	adv.		
adulterar	adulterate	v. t. | v. i. | lat.		
adulterar	tamper	v. t. | v. i. | lat.		
adulterar	garble	v. t. | v. i. | lat.		
adulterar	doctor	v. t. | v. i. | lat.		
adulterar	falsify	v. t. | v. i. | lat.		
adulterar	debase	v. t. | v. i. | lat.		
adulterar	sophisticate	v. t. | v. i. | lat.		
adulterar	betray	v. t. | v. i. | lat.		
adulterar	dope	v. t. | v. i. | lat.		
adulterar	load	v. t. | v. i. | lat.		
adulterar	fill	v. t. | v. i. | lat.		
adulterar	drug	v. t. | v. i. | lat.		
adulterar	misinterpret	v. t. | v. i. | lat.		
adulterar	dash	v. t. | v. i. | lat.		
adulterino	adulterous	adj. | lat.		
adultério	adultery	m. | lat.		
adultério	misconduct	m. | lat.		
adultério	bull	m. | lat.		
adulterioso	adulterous	adj.		
adulterismo	adultery	m.		
adúltero	adulterer	m. | lat.		
adúltero	adulterous	m. | lat.		
adulteroso	adulterous	adj.		
adulto	adult	m. | Adj. | lat.		
adulto	grown up	m. | Adj. | lat.		
adulto	major	m. | Adj. | lat.		
adumar	adumar	v. i. | Prov. minh.		sem_traducao
adumbrar	adumbrate	v. t. | lat.		
adunação	adunation	f.		
adunar	adunar	v. t. | lat.		sem_traducao
aduncado	hooked	adj. | Cf.		
aduncidade	adulthood	f.		
aduncirostro	aduncirostro	adj. | lat.		sem_traducao
aduncirrostro	aduncirrostro	adj. | lat.		sem_traducao
adunco	hooked	adj. | lat.		
adunco	aquiline	adj. | lat.		
adúnia	Adunia	adv. | Ant.		sem_traducao
adur	adur	adv. | Ant. | mal. | m. | lat.		sem_traducao
adur	adur	m. | Ant.		sem_traducao
adurar	to last	v. t. | Ant. | Cf.		
adurência	adurência	f.		sem_traducao
adurente	during	m. | Adj. | lat.		
adurir	adurir	v. t. | des. | lat.		sem_traducao
aduro	adult	adv. | Ant.		
adussia	adussia	f. | Ant. | Adj. f.		sem_traducao
adustão	adoxidation	f. | lat.		
adustível	affordable	adj.		
adustivo	aggressive	adj.		
adusto	astoid	adj. | lat.		
adusto	adust	adj. | lat.		
adutivo	adductive	adj. | lat.		
adutor	adductor	m. | lat.		
adutor	adducent	m. | lat.		
adutra	adutra	f. | Ant.		sem_traducao
aduzer	add	v. t. | Ant.		
aduzir	add	v. t. | lat.		
aduzir	adduce	v. t. | lat.		
ádvena	advent	m. | lat.		
advendiço	adventitious	adj. | Ant.		
advenidiço	adventidiço	adj. | Cf.		
adveniente	adventitious	adj. | Cf.		
adventiciamente	adventitiously	adv.		
adventicio	adventitious	adj. | lat.		
advento	advent	m. | lat.		
advento	coming	m. | lat.		
adverbial	adverbial	adj. | lat.		sem_traducao
adverbialidade	adverbiality	f.		
adverbiar	adverbial	v. t.		
advérbio	adverb	m. | lat.		
adversamente	adversely	adv.		
adversão	aversion	f. | lat.		
adversar	opponent	v. t. | lat.		
adversário	adversary	m. | Adj. | lat.		
adversário	opponent	m. | Adj. | lat.		
adversário	enemy	m. | Adj. | lat.		
adversário	enemy	m. | Adj. | lat.		
adversário	foe	m. | Adj. | lat.		
adversário	rival	m. | Adj. | lat.		
adversário	rival	m. | Adj. | lat.		
adversário	side	m. | Adj. | lat.		
adversário	antagonist	m. | Adj. | lat.		
adversativamente	adversatively	adv.		
adversativo	adversative	adj. | Gram. | lat.		
adversia	adversity	f. | des.		
adversidade	adversity	f. | lat.		
adversidade	misfortune	f. | lat.		
adversidade	tribulation	f. | lat.		
adversidade	rough	f. | lat.		
adversidade	recusancy	f. | lat.		
adversidade	recusance	f. | lat.		
adversifólio	adversarifolio	adj. | lat.		
adverso	adverse	adj. | lat.		
adverso	averse	adj. | lat.		
adverso	unfavorable	adj. | lat.		
adverso	hostile	adj. | lat.		
adverso	contrary	adj. | lat.		
adverso	opposed	adj. | lat.		
adverso	antipathetic	adj. | lat.		
adverso	antipathetical	adj. | lat.		
adverso	loath	adj. | lat.		
adverso	loth	adj. | lat.		
advertência	warning	f.		
advertência	admonition	f.		
advertência	reminder	f.		
advertência	admonishment	f.		
advertência	reprimand	f.		
advertência	advertence	f.		
advertência	monition	f.		
advertência	remonstrance	f.		
advertência	observation	f.		
advertência	monitory	f.		
advertidamente	warned	adv.		
advertimento	warning	m.		
advertir	warn	v. t. | lat.		
advertir	caution	v. t. | lat.		
advertir	admonish	v. t. | lat.		
advertir	advert	v. t. | lat.		
advertir	forewarn	v. t. | lat.		
advertir	advertise	v. t. | lat.		
advertir	reprimand	v. t. | lat.		
advertir	remonstrate	v. t. | lat.		
advertir	expostulate	v. t. | lat.		
advertir	poster	v. t. | lat.		
advertir	forbid	v. t. | lat.		
advertir	publicize	v. t. | lat.		
advindo	coming	adj.		
advir	to come	v. i. | lat.		
advir	come	v. i. | lat.		
advir	accrue	v. i. | lat.		
advocação	advocacy	f. | des. | lat.		
advocacia	advocacy	f. | lat.		
advocacia	law	f. | lat.		
advocacia	judge-made law	f. | lat.		
advocar	advocate	v. t. | des. | Cf.		
advocatura	legal practice	f. | V.		
advogacia	advocacy	f. | V.		
advogado	attorney	m. | lat.		
advogado	lawyer	m. | lat.		
advogado	advocate	m. | lat.		
advogado	counsel	m. | lat.		
advogado	barrister	m. | lat.		
advogado	counselor	m. | lat.		
advogado	pleader	m. | lat.		
advogado	patron	m. | lat.		
advogado	bencher	m. | lat.		
advogado	Templar	m. | lat.		
advogado	counsellor	m. | lat.		
advogar	advocate	v. t. | v. i. | des. | lat.		
advogar	plead	v. t. | v. i. | des. | lat.		
advogar	practice law	v. t. | v. i. | des. | lat.		
advogaria	legal practice	f. | Ant.		
ady	ady	f.		sem_traducao
adynamia	adynamia	f. | gr.		sem_traducao
adynâmico	adynamic	adj.		
adynamizar	adynamizar	v. t.		sem_traducao
adýnamo	adýnamo	adj.		sem_traducao
ádyto	adyto	m. | gr.		sem_traducao
aédo	aedo	m. | gr.		sem_traducao
aens	aens	suf. | pl.		sem_traducao
aer	air	pref. | ár. | gr.		
aeração	aeration	f. | ár. | gr.		
aereamente	aerially	adv.		
aeremia	aeremia	f. | Med. | ár. | gr.	termo_tecnico_cientifico:Med.	sem_traducao
aeremotoxia	aeremotoxia	f. | ár. | gr.		sem_traducao
aéreo	air	adj. | ár. | lat.		
aéreo	aerial	adj. | ár. | lat.		
aéreo	overhead	adj. | ár. | lat.		
aéreo	airy	adj. | ár. | lat.		
aéreo	overground	adj. | ár. | lat.		
aéreo	etherial	adj. | ár. | lat.		
aéreo	vague	adj. | ár. | lat.		
aéreo	irresponsible	adj. | ár. | lat.		
aéreo	air	adj. | lat.		
aéreo	aerial	adj. | lat.		
aéreo	overhead	adj. | lat.		
aéreo	airy	adj. | lat.		
aéreo	overground	adj. | lat.		
aéreo	etherial	adj. | lat.		
aéreo	vague	adj. | lat.		
aéreo	irresponsible	adj. | lat.		
aerethmia	aerethmia	f. | ár.		sem_traducao
aeretmia	aeretmia	f. | ár.		sem_traducao
aerícola	aericultural	adj. | ár. | lat.		
aérida	aerida	f. | as. | ár. | lat.		sem_traducao
aérido	aerid	m. | Adj.		
aerifero	aerifero	adj. | ár. | lat.		sem_traducao
aerificação	aeration	f.		
aerificar	aerify	v. t. | lat.		
aeriforme	aeriforme	adj. | ár. | lat.		sem_traducao
aeriforme	aeriform	adj. | ár. | lat.		
aerínea	aerínea	f. | gr.		sem_traducao
aerívoro	aerivore	adj. | ár. | lat.		
aerização	aeration	f.		
aerizar	aerate	v. t.		
aerobata	aerobata	m. | ár. | gr.		sem_traducao
aeróbio	aerobic	adj. | ár. | gr.		
aeroclavicórdio	aeroclavicórdio	m. | ár.		sem_traducao
aeroclube	flying club	m. | neol.		
aerocolia	aerocolia	f. | Med. | gr.	termo_tecnico_cientifico:Med.	sem_traducao
aerodinâmica	aerodynamics	f. | ár.		
aeródromo	aerodrome	m. | Bras. | gr.		
aeródromo	airfield	m. | Bras. | gr.		
aeródromo	airdrome	m. | Bras. | gr.		
aeródromo	landing ground	m. | Bras. | gr.		
aerodynâmica	aerodynamics	f. | ár.		
aerófago	aerophagous	m. | gr.		
aerófita	aerophyte	f. | gr.		
aerófito	aerophyte	adj. | ár. | gr.		
aerofobia	aerophobia	f. | ár.		
aerófobo	aerophobic	m. | ár. | gr.		
aerofónio	aerophone	adj. | ár. | m. | pl. | gr.		
aeróforo	aerophore	adj. | gr.		
aerófugo	aerofuge	adj. | ár. | lat.		
aerogastrectasia	aerogastrectasia	f. | gr.		sem_traducao
aerogênio	aerogen	m. | gr.		
aerognosia	aerognosy	f. | ár. | gr.		
aerognosta	aerognost	m.		
aerognóstico	aerognostics	adj.		
aerografia	airbrushing	f. | ár.		
aerógrafo	airbrush	m. | ár. | gr.		
aerograma	aerogram	m. | ár.		
aerogramma	aerogram	m. | ár.		
aerographia	airbrushing	f. | ár.		
aerógrapho	airbrush	m. | ár. | gr.		
aerohidro	aerohydro	adj. | ár. | gr.		
aerohidropatia	aerohydropathy	f. | ár. | gr.		
aerohydro	aerohydro	adj. | ár. | gr.		sem_traducao
aerohydropathia	aerohydropathy	f. | ár. | gr.		
aeroide	aeroid	adj. | ár. | gr.		
aeroides	aeroids	adj. | ár. | gr.		
aérola	aerola	f. | ár. | lat.		sem_traducao
aerólita	aerolite	f. | V.		
aerólite	aerolite	f. | V.		sem_traducao
aerólitha	aerolitha	f. | V.		sem_traducao
aerólithe	aerolite	f. | V.		
aerolíthico	aerolithic	adj.		
aerólitho	aerolith	m. | ár. | gr.		
aerolítico	aerolytic	adj.		
aerólito	aerolite	m. | ár. | gr.		
aerólito	meteorite	m. | ár. | gr.		
aerologia	aerology	f. | ár.		
aerólogo	aerologist	m. | ár. | gr.		
aeromancia	aeromancy	f. | ár. | gr.		
aeromante	aeromancer	m.		
aerometria	aerometry	f. | ár.		
aerómetro	aerometer	m. | ár. | gr.		
aeronaugrafia	aeronautics	f.		
aeronaugráfico	aeronautical	adj.		
aeronaugraphia	aeronautics	f.		
aeronaugráphico	aeronautical	adj.		
aeronauta	aeronaut	m. | ár. | gr.		
aeronáutica	aeronautics	f.		
aeronáutica	aviation	f.		
aeronáutica	aeronavigation	f.		
aeronáutico	aeronautical	adj.		
aeronáutico	aeronautic	adj.		
aeronave	aircraft	f.		
aeronave	airship	f.		
aeronavegação	air navigation	f.		
aeróphago	aerophage	m. | gr.		
aerophobia	aerophobia	f. | ár.		sem_traducao
aeróphobo	aerophobe	m. | ár. | gr.		
aerophónio	aerophonic	adj. | ár. | m. | pl. | gr.		
aeróphoro	aerophorus	adj. | gr.		
aeróphyta	aerophyte	f. | gr.		
aeróphyto	aerophyte	adj. | ár. | gr.		
aeroplano	airplane	m.		
aeroplano	aircraft	m.		
aeroposta	airport	f.		
aeroscopia	aeroscopy	f.		
aeroscópio	airscope	m. | ár. | gr.		
aerosfera	aerosphere	f. | gr.		
aerosístilo	aerostyle	m. | as.		
aerosphera	aerosphere	f. | gr.		
aerostação	aerostation	f.		
aeróstata	aerostat	m. | Cf.		
aerostática	aerostatic	f. | as. | ár. | fem.		
aerostática	aerostatics	f. | as. | ár. | fem.		
aerostático	aerostatic	adj.		
aeróstato	aerostat	m. | ár. | ext. | Cp. | gr.		
aeróstato	balloon	m. | ár. | ext. | Cp. | gr.		
aeróstato	air-balloon	m. | ár. | ext. | Cp. | gr.		
aerosýstylo	aerostyle	m. | as.		
aerotechnia	aerotechnics	f. | ár. | gr.		
aerotéchnico	aerotechnician	adj.		
aerotecnia	aerotechnics	f. | ár. | gr.		
aerotécnico	aerotechnical	adj.		
aeroterapeutica	aerotherapy	f.		
aeroterapia	aerotherapy	f. | ár. | gr.		
aeroterápico	aerotherapy	adj.		
aerotermo	aerothermal	m. | ár. | Cf. | gr.		
aerotherapêutica	aerotherapy	f.		
aerotherapia	aerotherapy	f. | ár. | gr.		
aerotherápico	aerotherapy	adj.		
aerothermo	aerothermo	m. | ár. | Cf. | gr.		sem_traducao
aerotropismo	aerotropism	m. | gr.		
aerozoários	aerozoans	m. pl. | ár. | gr.		
aerva	herb	f.		
ães	dogs	suf. | pl. | subst. | Adj.		
aethrioscópio	aethrioscope	m. | gr.		
aetite	aetite	f. | gr.		sem_traducao
aetrioscópio	aetrioscope	m. | gr.		
afábil	affable	adj. | Ant. | V.		
afabilidade	affability	f. | lat.		
afabilidade	friendliness	f. | lat.		
afabilidade	kindness	f. | lat.		
afabilidade	amenity	f. | lat.		
afabilidade	goodness	f. | lat.		
afabilidade	amenability	f. | lat.		
afabilidade	suavity	f. | lat.		
afacia	afacia	f. | gr.		sem_traducao
afadigadamente	laboriously	adv.		
afadigado	tired	adj.		
afadigador	tiring	m.		
afadigar	tire	v. t.		
afadigoso	tiring	adj.		
afadistado	afadistado	adj.		sem_traducao
afadistar-se	to become tired	v. p.		
afagadeiro	caresser	adj.		
afagador	petting	m. e adj.		
afagamento	caressing	m. | des.		
afagante	caressing	adj.		
afagar	caress	v. t. | lat. | Cp. | cast.		
afagar	stroke	v. t. | lat. | Cp. | cast.		
afagar	pat	v. t. | lat. | Cp. | cast.		
afagar	fondle	v. t. | lat. | Cp. | cast.		
afagar	pet	v. t. | lat. | Cp. | cast.		
afagar	cherish	v. t. | lat. | Cp. | cast.		
afagar	canoodle	v. t. | lat. | Cp. | cast.		
afagar	cotton	v. t. | lat. | Cp. | cast.		
afagar	hug	v. t. | lat. | Cp. | cast.		
afagar	embosom	v. t. | lat. | Cp. | cast.		
afagar	cotton on	v. t. | lat. | Cp. | cast.		
afago	caress	m.		
afago	pat	m.		
afago	fondling	m.		
afagoso	affectionate	adj. | Ant.		
afagueiro	caress	adj.		
afalado	spoken	adj. | as.		
afalcassar	falsify	v. t. | Náut.		
afalcoado	falconed	adj. | Prov. alent. | prov.		
afalcoar	falcon	v. i. | Prov. alent. | as.		
afaluado	afaluado	adj. | Bras.		sem_traducao
afamadamente	famously	adv.		
afamado	famous	adj.		
afamado	renowned	adj.		
afamado	celebrated	adj.		
afamador	famous	m.		
afamar	to become famous	v. t.		
afamilhar-se	to become familiar	v. p. | Bras. | Cp. | fr.		
afan	afan	m. | Cp.		sem_traducao
afananto	theft	m.		
afanar	steal	v. i. | p. | v. t. | b. lat.		
afanar	pinch	v. i. | p. | v. t. | b. lat.		
afanar	nick	v. i. | p. | v. t. | b. lat.		
afanchonado	afanchonado	adj.		sem_traducao
afanésio	afanesio	m.		sem_traducao
afanípteros	aphanipterans	m. pl. | gr.		
afanita	afanita	f. | gr.		sem_traducao
afanítico	afanitic	adj.		
afano	theft	m. | Cf.		
afanosamente	eagerly	adv.		
afanoso	eager	adj.		
afanoso	painstaking	adj.		
afanoso	laborious	adj.		
afão	affão	m. | p. us.		
afaquear	stab	v. t. | t.		
afaragatar	afaragatar	v. t. | Prov. trasm. | Cp.		sem_traducao
afarvar-se	afarvar-se	v. | p. | Prov. trasm. | prov.		sem_traducao
afasia	aphasia	f. | gr.		
afásico	aphasic	adj.		
afasta!	Get away!	interj. | imper.		
afastadamente	remotely	adv.		
afastadamente	aloof	adv.		
afastado	away	adj.		
afastado	removed	adj.		
afastado	remote	adj.		
afastado	far	adj.		
afastado	off	adj.		
afastado	distant	adj.		
afastado	secluded	adj.		
afastado	withdrawn	adj.		
afastado	aloof	adj.		
afastado	retired	adj.		
afastado	outlying	adj.		
afastado	outlandish	adj.		
afastado	offscreen	adj.		
afastado	devious	adj.		
afastado	straggling	adj.		
afastado	secret	adj.		
afastado	unfrequented	adj.		
afastado	far-off	adj.		
afastado	out-of-the-way	adj.		
afastado	ex-service	adj.		
afastador	retractor	m.		
afastamento	removal	m.		
afastamento	departure	m.		
afastamento	withdrawal	m.		
afastamento	distance	m.		
afastamento	separation	m.		
afastamento	absence	m.		
afastamento	estrangement	m.		
afastamento	deviation	m.		
afastamento	alienation	m.		
afastamento	remove	m.		
afastamento	seclusion	m.		
afastamento	pitch	m.		
afastamento	rejection	m.		
afastamento	leave of absence	m.		
afastamento	diversion	m.		
afastamento	digression	m.		
afastamento	revulsion	m.		
afastamento	abatement	m.		
afastamento	aberrance	m.		
afastar	to move away	v. t. | Ant. | cast.		
afastar	depart	v. t. | Ant. | cast.		
afastar	remove	v. t. | Ant. | cast.		
afastar	move away	v. t. | Ant. | cast.		
afastar	fend	v. t. | Ant. | cast.		
afastar	dispel	v. t. | Ant. | cast.		
afastar	withdraw	v. t. | Ant. | cast.		
afastar	deviate	v. t. | Ant. | cast.		
afastar	alienate	v. t. | Ant. | cast.		
afastar	avert	v. t. | Ant. | cast.		
afastar	separate	v. t. | Ant. | cast.		
afastar	keep away	v. t. | Ant. | cast.		
afastar	wean	v. t. | Ant. | cast.		
afastar	rid	v. t. | Ant. | cast.		
afastar	divert	v. t. | Ant. | cast.		
afastar	diverge	v. t. | Ant. | cast.		
afastar	repel	v. t. | Ant. | cast.		
afastar	distract	v. t. | Ant. | cast.		
afastar	retire	v. t. | Ant. | cast.		
afastar	displace	v. t. | Ant. | cast.		
afastar	hold off	v. t. | Ant. | cast.		
afastar	keep off	v. t. | Ant. | cast.		
afastar	estrange	v. t. | Ant. | cast.		
afastar	obviate	v. t. | Ant. | cast.		
afastar	relegate	v. t. | Ant. | cast.		
afastar	lay off	v. t. | Ant. | cast.		
afastar	abate	v. t. | Ant. | cast.		
afastar	call away	v. t. | Ant. | cast.		
afastar	make away	v. t. | Ant. | cast.		
afatiar	slice	v. t.		
afável	affable	adj. | lat.		
afável	friendly	adj. | lat.		
afável	kind	adj. | lat.		
afável	gracious	adj. | lat.		
afável	debonair	adj. | lat.		
afável	soft	adj. | lat.		
afável	benign	adj. | lat.		
afável	tractable	adj. | lat.		
afavelmente	amiably	adv.		
afavelmente	affably	adv.		
afavelmente	graciously	adv.		
afazendar-se	to become a farm	v. p.		
afazer	to do	v. t. | m. | Prov. trasm.		
afazer	accustom	v. t. | m. | Prov. trasm.		
afazeres	chores	m. pl. | Gal. | fr.		
afazeres	tasks	m. pl. | Gal. | fr.		
afazeres	business	m. pl. | Gal. | fr.		
afazeres	affair	m. pl. | Gal. | fr.		
afazeres	activity	m. pl. | Gal. | fr.		
afazimento	making	m. | Ant.		
afeadamente	ugly	adv.		
afeado	ugly	adj.		
afeador	ugly	m.		
afeamento	ugliness	m.		
afear	afear	v. t. | Ant.		sem_traducao
afecção	affection	f. | lat.		
afectação	allocation	f. | lat.		
afectadamente	affected	adv.		
afectado	affected	adj. | Bras.		
afectante	affecting	adj.		
afectar	affect	v. t. | V. | p. | lat.		
afectativo	affective	adj. | des.		
afectivamente	affectively	adv.		
afectividade	affectivity	f.		
afectivo	affective	adj. | lat.		
afecto	affection	m. | Adj. | lat.		
afectuosamente	affectionately	adv.		
afectuoso	affectionate	adj. | lat.		
afegane	Afghan	adj. | m.		
afeição	affection	f. | lat.		
afeição	love	f. | lat.		
afeição	liking	f. | lat.		
afeição	heart	f. | lat.		
afeição	devotion	f. | lat.		
afeição	fancy	f. | lat.		
afeição	goodwill	f. | lat.		
afeição	phantasy	f. | lat.		
afeição	fellow feeling	f. | lat.		
afeição	fantasy	f. | lat.		
afeiçoadamente	affectionately	adv.		
afeiçoado	fond	adj.		
afeiçoado	attached	adj.		
afeiçoado	affectionate	adj.		
afeiçoado	devoted	adj.		
afeiçoado	fond	adj.		
afeiçoado	attached	adj.		
afeiçoado	affectionate	adj.		
afeiçoado	devoted	adj.		
afeiçoador	affectionate	m.		
afeiçoamento	affection	m.		
afeiçoar	to become fond	v. t.		
afeiçoar	shape	v. t.		
afeiçoar	mold	v. t.		
afeiçoar	trim	v. t.		
afeiçoar	mould	v. t.		
afeiçoar	to become fond	v. t. | v. i. | V. | p.		
afeiçoar	shape	v. t. | v. i. | V. | p.		
afeiçoar	mold	v. t. | v. i. | V. | p.		
afeiçoar	trim	v. t. | v. i. | V. | p.		
afeiçoar	mould	v. t. | v. i. | V. | p.		
afeitar	shave	v. t. | Ant.		
afeitar	shave	v. t. | Ant.		
afeite	affect	m. | Cf.		
afeitear	to adorn	v. t. | Prov. minh.		
afeito	accustomed	adj.		
afeito	wont	adj.		
afelandra	afelandra	f. | gr.		sem_traducao
afelear	afelear	v. t. | ﬁg.		sem_traducao
afélio	aphelion	m. | gr.		
afemear	effeminate	v. t. | des.		
afemençar	to become feminine	v. t. | Ant.		
afemia	afemia	f.		sem_traducao
afeminar	feminize	v. t. | der. | V.		
aferência	aference	f. | Cf.		
aferente	afferent	adj. | lat.		
aferente	efferent	adj. | lat.		
aférese	apheresis	f. | Gram. | gr.		
afergulhar-se	to rustle	v. t. | Prov. trasm.		
aferição	measurement	f.		
aferição	admeasurement	f.		
aferição	standardization	f.		
aferido	measured	m.		
aferidor	gauge	m.		
aferidor	gage	m.		
aferidor	checker	m.		
aferidor	inspector	m.		
aferimento	measurement	m.		
aferir	assess	v. t. | reﬂ.		
aferir	gauge	v. t. | reﬂ.		
aferir	check	v. t. | reﬂ.		
aferir	compare	v. t. | reﬂ.		
aferir	gage	v. t. | reﬂ.		
aferível	verifiable	adj.		
afermosear	afermosear	v. | t. | Ant.		sem_traducao
afermosentar	afermosentar	v. t. | Ant.		sem_traducao
aferradamente	stubbornly	adv.		
aferrado	clinging	adj.		
aferrado	obstinate	adj.		
aferrado	stubborn	adj.		
aferrador	farrier	m. | Bras.		
aferramento	fastening	m.		
aferrar	fasten	v. t. | v. i. | Ant. | V. | p.		
aferrar	grasp	v. t. | v. i. | Ant. | V. | p.		
aferrar	anchor	v. t. | v. i. | Ant. | V. | p.		
aferrar	secure	v. t. | v. i. | Ant. | V. | p.		
aferrenhadamente	fiercely	adv.		
aferrenhar	to sting	v. t.		
aferretoar	to fasten	v. t. | V.		
afêrro	aferro	m.		sem_traducao
aferroador	stinger	m.		
aferroar	to sting	v. t. | v. i. | Prov. dur.		
aferrolhador	bolter	m.		
aferrolhar	bolt	v. | t.		
aferrolhar	lock	v. | t.		
aferrolhar	latch	v. | t.		
aferrolhar	hoard	v. | t.		
aferrolhar	imprison	v. | t.		
aferventação	boiling	f.		
aferventamento	boiling	m.		
aferventar	boil	v. t.		
afervescido	boiled	adj. | Cf.		
afervoradamente	fervently	adv.		
afervorar	to become fervent	v. t.		
afestoar	afestoar	v. t. | Cf. | V.		sem_traducao
afestonar	afestonar	v. t.		sem_traducao
afétena	afétena	f. | obsol. | ár. | al.		sem_traducao
afezoar	afezoar	v. t. | Ant.		sem_traducao
affábil	affable	adj. | Ant. | V.		
affabilidade	affability	f. | lat.		
affabilmente	affably	adv. | Cf.		
affável	affable	adj. | lat.		
affavelmente	affably	adv.		
affecção	affection	f. | lat.		
affectação	affectation	f. | lat.		
affectadamente	affected	adv.		
affectado	affected	adj. | Bras.		
affectante	affecting	adj.		
affectar	affect	v. t. | V. | p. | lat.		
affectativo	affective	adj. | des.		
affectivamente	affectively	adv.		
affectividade	affectivity	f.		
affectivo	effective	adj. | lat.		
affecto	affect	m. | Adj. | lat.		
affectuosamente	affectionately	adv.		
affectuoso	affectionate	adj. | lat.		
affeição	affection	f. | lat.		
affeiçoadamente	affectionately	adv.		
affeiçoado	fond	adj.		
affeiçoamento	affection	m.		
affeiçoar	to become fond	v. t. | v. i. | V. | p.		
affeitar	affect	v. t. | Ant.		
afferência	afference	f. | Cf.		
afferente	afferent	adj. | lat.		
affiliação	affiliation	f.		
affiliar	affiliate	v. t. | lat.		
affim	affin	m. e adj. | lat.		
affimento	affimento	m. | des. | Cp.		sem_traducao
affinidade	affinity	f. | lat.		
affirmação	affirmation	f. | lat.		
affirmadamente	definitely	adv.		
affirmador	firming agent	m. | lat.		
affirmante	affirmative	adj. | lat.		
affirmar	affirm	v. t. | V. | p. | Ant. | Cf. | rev. | lat.		
affirmativa	affirmative	f. | Náut.		
affirmativamente	affirmatively	adv.		
affirmativo	affirmative	adj. | lat.		
affixação	affixation	f.		
affixar	affix	v. t. | lat.		
affixivo	affxivo	adj. | Glot.		
affixo	affixo	m. | Adj. | lat.		sem_traducao
afflante	afflante	adj. | Cf. | lat.		sem_traducao
afflar	afflar	v. t. | lat.		sem_traducao
afflato	afflato	m. | lat.		sem_traducao
afflicção	affliction	f. | lat.		
afflictamente	afflicted	adv.		
afflictivamente	distressingly	adv.		
afflictivo	afflictive	adj.		
afflicto	afflicto	adj. | lat.		sem_traducao
affligente	afflictive	adj.		
affligidamente	afflicted	adv.		
affligidor	afflictor	m. e adj.		
affligimento	affliction	m.		
affligir	afflict	v. t. | lat.		
affluência	affluence	f. | lat.		
affluente	affluent	adj. | m. | lat.		
affluir	flow	v. t. | lat.		
affluxo	influx	m. | lat.		
affonsim	affonsim	adj. | Ant.		sem_traducao
affonsinhos	affonsinhos	m. pl. | us. | loc. | fam. | Cp.		sem_traducao
affonsino	affonsino	adj. | V.		sem_traducao
affonsista	Affonsista	m.		sem_traducao
affricata	affricata	f. | Gram. | Cf. | norm.		sem_traducao
affundir	to melt	v. t.		
affusão	afffusion	f. | lat.		
afiação	sharpening	f.		
afiação	grind	f.		
afiação	whet	f.		
afiado	sharp	adj.		
afiado	keen	adj.		
afiado	acuminate	adj.		
afiado	clear-sighted	adj.		
afiador	sharpener	m.		
afiador	grinder	m.		
afiador	grinding machine	m.		
afiador	cheektooth	m.		
afiambrado	skein	adj. | fam.		
afiambrar-se	to become afiambrar	v. p.		
afiançador	guarantor	m.		
afiançar	guarantee	v. t.		
afiançar	bail	v. t.		
afiar	sharpen	v. t. | ﬁg.		
afiar	hone	v. t. | ﬁg.		
afiar	edge	v. t. | ﬁg.		
afiar	whet	v. t. | ﬁg.		
afiar	grind	v. t. | ﬁg.		
afiar	whittle	v. t. | ﬁg.		
afiar	point	v. t. | ﬁg.		
afiar	impart	v. t. | ﬁg.		
aficadamente	effectively	adv.		
aficado	aficado	adj. | Cf.		sem_traducao
aficamento	afficamento	m. | Ant.		
aficar	stay	v. i. | p. | Ant. | Cp.		
afidalgadamente	noblely	adv.		
afidalgado	nobleman	adj.		
afidalgamento	nobility	m.		
afidalgar	to become noble	v. t.		
afidífagos	aphid-eaters	m. pl. | gr.		
afídios	aphids	m. pl. | gr.		
afifano	afifano	m. | ﬁg.		sem_traducao
afifar	afifar	v. t. | prov.		sem_traducao
afiguração	figuration	f.		
afiguradamente	figuratively	adv.		
afigurar	to appear	v. t. | V. | p.		
afigurativo	figurative	adj.		
afilado	tapered	adj.		
afilado	thin	adj.		
afilador	sharpener	m.		
afiladura	tapering	f.		
afilamento	tapering	m.		
afilar	sharpen	v. t. | Cf.		
afilar	sharpen	v. t.		
afilar	sharpen	v. t. | lat.		
afilhada	goddaughter	f. | fem. | Prov. alent. | Adj.		
afilhadagem	godparenting	f.		
afilhado	godson	m.		
afilhado	godchild	m.		
afilhador	godson	m. | Prov. alent. | as.		
afilhar	godparent	v. i. | v. t. | Prov. alent. | as.		
afilharar	to become a goddaughter	v. i. | prov.		
afilhastro	godfather	m. | t.		
afiliação	affiliation	f.		
afiliar	affiliate	v. t. | lat.		
afilo	afilo	adj. | gr.		sem_traducao
afilo	aphyllous	adj. | gr.		
afim	in order	m. e adj. | lat.		
afim	related	m. e adj. | lat.		
afim	similar	m. e adj. | lat.		
afim	associated	m. e adj. | lat.		
afim	relative	m. e adj. | lat.		
afimento	firming	m. | des. | Cp.		
afinação	tuning	f.		
afinação	adjustment	f.		
afinação	setting	f.		
afinação	timing	f.		
afinação	refinement	f.		
afinação	finery	f.		
afinação	fining	f.		
afinadamente	finely tuned	adv.		
afinado	tuned	adj. | Prov. dur.		
afinado	tuneful	adj. | Prov. dur.		
afinador	tuner	m.		
afinagem	tuning	f.		
afinal	in the end	adv.		
afinal	after all	adv.		
afinal	finally	adv.		
afinal	at last	adv.		
afinal	eventually	adv.		
afinamento	fine-tuning	m.		
afinar	tune	v. t. | pop. | Cf. | Prov. dur.		
afinar	attune	v. t. | pop. | Cf. | Prov. dur.		
afinar	taper	v. t. | pop. | Cf. | Prov. dur.		
afinar	key	v. t. | pop. | Cf. | Prov. dur.		
afinar	voice	v. t. | pop. | Cf. | Prov. dur.		
afincadamente	diligently	adv.		
afincamento	anchoring	m. | V.		
afincância	firmness	f. | Prov. alent.		
afincar	fix	v. | t. | pop. | v. i.		
afinco	diligence	m.		
afincoar	to strive	v. t.		
afinfar	afinfar	v. t. | Gír. | v. i. | Chul.		sem_traducao
afinhar	thin out	v. t. | Prov. trasm. | v. i. | Cp.		
afinheiro	afinheiro	adj. | Prov. trasm.		sem_traducao
afinidade	affinity	f. | lat.		
afinidade	kinship	f. | lat.		
afinidade	relationship	f. | lat.		
afinidade	connection	f. | lat.		
afinidade	propinquity	f. | lat.		
afinidade	connexion	f. | lat.		
áfio	sharp	adj. | fam. | alter. | loc.		
afirmação	affirmation	f. | lat.		
afirmação	statement	f. | lat.		
afirmação	assertion	f. | lat.		
afirmação	say	f. | lat.		
afirmação	proposition	f. | lat.		
afirmação	pronouncement	f. | lat.		
afirmação	asseveration	f. | lat.		
afirmação	averment	f. | lat.		
afirmação	predication	f. | lat.		
afirmação	protest	f. | lat.		
afirmação	contestation	f. | lat.		
afirmadamente	admittedly	adv.		
afirmador	affirmer	m. | lat.		
afirmante	affirmative	adj. | lat.		
afirmar	to affirm	v. | t. | p. | lat.		
afirmar	say	v. | t. | p. | lat.		
afirmar	affirm	v. | t. | p. | lat.		
afirmar	assert	v. | t. | p. | lat.		
afirmar	claim	v. | t. | p. | lat.		
afirmar	declare	v. | t. | p. | lat.		
afirmar	contend	v. | t. | p. | lat.		
afirmar	allege	v. | t. | p. | lat.		
afirmar	have	v. | t. | p. | lat.		
afirmar	aver	v. | t. | p. | lat.		
afirmar	pronounce	v. | t. | p. | lat.		
afirmar	predicate	v. | t. | p. | lat.		
afirmar	guarantee	v. | t. | p. | lat.		
afirmar	profess	v. | t. | p. | lat.		
afirmar	pose	v. | t. | p. | lat.		
afirmar	avouch	v. | t. | p. | lat.		
afirmar	lay down	v. | t. | p. | lat.		
afirmar	vie	v. | t. | p. | lat.		
afirmar	undertake	v. | t. | p. | lat.		
afirmativa	affirmative	f. | Náut.		
afirmativamente	affirmatively	adv.		
afirmativo	affirmative	adj. | lat.		
afirmativo	assertive	adj. | lat.		
afirmativo	positive	adj. | lat.		
afirmativo	assertory	adj. | lat.		
afirmativo	predicative	adj. | lat.		
afistulado	fistulated	adj.		
afistular	fistular	v. t.		
afitado	afitado	adj. | Bot.	termo_tecnico_cientifico:Bot.	sem_traducao
afitar	afitar	v. t. | der. | V.		sem_traducao
afitar	afitar	v. t. | Ant.		sem_traducao
afito	afito	m. | Ant.		sem_traducao
afiusar	afiusar	v. t. | V. | p.		sem_traducao
afivelar	buckle	v. t.		
afivelar	clasp	v. t.		
afixação	affixing	f.		
afixação	affixation	f.		
afixar	affix	v. t. | lat.		
afixar	attach	v. t. | lat.		
afixar	stick	v. t. | lat.		
afixar	plaster	v. t. | lat.		
afixivo	affixative	adj. | Glot.		
afixo	affix	m. | Adj. | lat.		
aflamengado	flamenco	adj.		
aflante	aflante	adj. | Cf. | lat.		sem_traducao
aflar	flare	v. t. | Ant.		
aflar	flare	v. t. | lat.		
aflato	aflato	m. | lat.		sem_traducao
aflautar	flute	v. t.		
afleimar	afleimar	v. t. | V.		sem_traducao
afleimar-se	to become afflicted	v. p. | pop. | lat.		
afleumar	aphlegmatic	v. t.		
aflição	affliction	f. | lat.		
aflição	distress	f. | lat.		
aflição	grief	f. | lat.		
aflição	sorrow	f. | lat.		
aflição	trouble	f. | lat.		
aflição	woe	f. | lat.		
aflição	anguish	f. | lat.		
aflição	tribulation	f. | lat.		
aflição	pain	f. | lat.		
aflição	anxiety	f. | lat.		
aflição	agony	f. | lat.		
aflição	trial	f. | lat.		
aflição	despair	f. | lat.		
aflição	pang	f. | lat.		
aflição	mourning	f. | lat.		
aflição	ill	f. | lat.		
aflição	ache	f. | lat.		
aflição	cross	f. | lat.		
aflição	thorn	f. | lat.		
aflição	sore	f. | lat.		
aflição	torture	f. | lat.		
aflição	smart	f. | lat.		
afligente	distressing	adj.		
afligidamente	distressed	adv.		
afligidor	distressing	m. e adj.		
afligimento	affliction	m.		
afligir	afflict	v. t. | lat.		
afligir	grieve	v. t. | lat.		
afligir	distress	v. t. | lat.		
afligir	plague	v. t. | lat.		
afligir	worry	v. t. | lat.		
afligir	fret	v. t. | lat.		
afligir	ail	v. t. | lat.		
afligir	pain	v. t. | lat.		
afligir	sadden	v. t. | lat.		
afligir	torment	v. t. | lat.		
afligir	oppress	v. t. | lat.		
afligir	aggrieve	v. t. | lat.		
afligir	chagrin	v. t. | lat.		
afligir	weigh	v. t. | lat.		
afligir	gall	v. t. | lat.		
afligir	press	v. t. | lat.		
afligir	lacerate	v. t. | lat.		
aflitamente	distressed	adv.		
aflitivamente	distressingly	adv.		
aflitivo	distressing	adj.		
aflitivo	painful	adj.		
aflitivo	afflicted	adj.		
aflitivo	mortifying	adj.		
aflitivo	lancinating	adj.		
aflito	distressed	adj. | lat.		
aflito	afflicted	adj. | lat.		
aflito	anxious	adj. | lat.		
aflito	troubled	adj. | lat.		
aflito	worried	adj. | lat.		
aflito	sorrowful	adj. | lat.		
aflito	concerned	adj. | lat.		
aflito	fretful	adj. | lat.		
aflito	woeful	adj. | lat.		
aflito	desolate	adj. | lat.		
aflito	woesome	adj. | lat.		
aflito	care-worn	adj. | lat.		
aflogístico	aflogistic	adj.		
afloixar	afloixar	v. t. | Ant.		sem_traducao
afloração	outcrop	f.		
afloramento	outcrop	m. | Cf.		
afloramento	outbreak	m. | Cf.		
afloramento	outburst	m. | Cf.		
aflorar	emerge	v. t. | v. i. | Cf.		
aflorar	outcrop	v. t. | v. i. | Cf.		
aflouxar	loosen	v. t. | Ant.		
afloxar	loosen	v. | t. | Ant. | Cp.		
afluência	affluence	f. | lat.		
afluência	influx	f. | lat.		
afluência	confluence	f. | lat.		
afluência	inflow	f. | lat.		
afluência	abundance	f. | lat.		
afluência	indraught	f. | lat.		
afluência	throng	f. | lat.		
afluência	afflux	f. | lat.		
afluência	conflux	f. | lat.		
afluência	indraft	f. | lat.		
afluência	onflow	f. | lat.		
afluência	flush	f. | lat.		
afluente	tributary	adj. | m. | lat.		
afluente	affluent	adj. | m. | lat.		
afluente	affluent	adj. | m. | lat.		
afluente	influent	adj. | m. | lat.		
afluente	feeder	adj. | m. | lat.		
afluente	creek	adj. | m. | lat.		
afluente	confluent	adj. | m. | lat.		
afluente	confluent	adj. | m. | lat.		
afluente	copious	adj. | m. | lat.		
afluente	interfluent	adj. | m. | lat.		
afluente	concurrent	adj. | m. | lat.		
afluir	flow in	v. t. | lat.		
afluir	flow	v. t. | lat.		
afluir	flock	v. t. | lat.		
afluir	flood	v. t. | lat.		
afluir	run into	v. t. | lat.		
afluxo	influx	m. | lat.		
afluxo	inflow	m. | lat.		
afluxo	afflux	m. | lat.		
afluxo	inflowing	m. | lat.		
afluxo	congregate	m. | lat.		
afobado	flustered	adj. | Bras. | pop.		
afobado	nervous	adj. | Bras. | pop.		
afobado	fiddle-faddle	adj. | Bras. | pop.		
afobar-se	to rush	v. p. | Bras. | pop.		
afocinhamento	snout	m.		
afocinhar	snout	v. t. | v. i.		
afofadamente	softly	adv.		
afofado	fluffed	adj.		
afofamento	fluffing	m.		
